{"type":"FeatureCollection","features":[{"type":"Feature","geometry":{"type":"Polygon","coordinates":[[[145.02571603,-37.71385402],[145.02551468,-37.7124103],[145.02700002,-37.71174661],[145.02964967,-37.71195878],[145.03105082,-37.711351],[145.03290441,-37.71148896],[145.03401664,-37.71204262],[145.03502087,-37.71054239],[145.03541293,-37.70897038],[145.03411451,-37.70777622],[145.03369822,-37.70632672],[145.03507871,-37.70561108],[145.03500704,-37.70358201],[145.03607925,-37.70332398],[145.03480101,-37.70203396],[145.03622743,-37.69992209],[145.03773035,-37.69883788],[145.04069441,-37.69897845],[145.04080584,-37.69827356],[145.03246301,-37.69734382],[145.03482489,-37.69643393],[145.0408973,-37.6952699],[145.04139902,-37.69488143],[145.04314067,-37.69084402],[145.0444449,-37.68989188],[145.04853201,-37.68872496],[145.05136504,-37.68821636],[145.05186356,-37.6852996],[145.05012717,-37.68432904],[145.0485931,-37.68429446],[145.04780601,-37.68512104],[145.04623337,-37.68493543],[145.0454514,-37.68613556],[145.04377362,-37.6854195],[145.04344302,-37.68670996],[145.04237401,-37.68686003],[145.04174778,-37.68505216],[145.04018216,-37.68404456],[145.04136341,-37.68304947],[145.04217704,-37.67950855],[145.04170497,-37.67867504],[145.04199614,-37.67724082],[145.04222796,-37.67647496],[145.05605024,-37.67749928],[145.0695322,-37.67881002],[145.06963902,-37.67824299],[145.07492969,-37.67862038],[145.08475309,-37.67917103],[145.08437393,-37.67978278],[145.08540421,-37.68112538],[145.08614513,-37.68126685],[145.08878358,-37.68051077],[145.09104608,-37.67946548],[145.09159166,-37.68028528],[145.09031689,-37.68095718],[145.09094311,-37.68159724],[145.09524585,-37.68076782],[145.09705093,-37.68119267],[145.09838356,-37.6822897],[145.10110389,-37.68166943],[145.10351072,-37.68292053],[145.10198477,-37.68386578],[145.10253968,-37.6850418],[145.10169569,-37.68751112],[145.10059248,-37.68805083],[145.09965187,-37.68946914],[145.08052032,-37.68734598],[145.06823836,-37.68606294],[145.06783885,-37.68664365],[145.07431649,-37.68705647],[145.0777795,-37.68758105],[145.07772164,-37.68939946],[145.0771541,-37.69193568],[145.07866205,-37.69280347],[145.07969874,-37.69205211],[145.08101104,-37.69306583],[145.07945399,-37.70205898],[145.07690501,-37.70180397],[145.07587798,-37.70774481],[145.07494867,-37.70878914],[145.06958078,-37.70820539],[145.06541075,-37.70924586],[145.06453434,-37.71039909],[145.0651126,-37.71115278],[145.06315178,-37.71291391],[145.06301669,-37.71369716],[145.06097616,-37.71366358],[145.06007015,-37.71483273],[145.05693698,-37.71454498],[145.05935937,-37.7163704],[145.05897988,-37.7183699],[145.05660082,-37.71995135],[145.05632898,-37.72238597],[145.05783997,-37.72346879],[145.05544324,-37.72917616],[145.03860123,-37.7273238],[145.03728571,-37.72493623],[145.03613665,-37.72342036],[145.03488701,-37.72316393],[145.03466396,-37.72084101],[145.04140995,-37.71830199],[145.043117,-37.71679898],[145.04512798,-37.71348201],[145.03054417,-37.71199733],[145.02770296,-37.71267596],[145.02751302,-37.71340098],[145.02571603,-37.71385402]]]},"properties":{"name":"Bundoora","geo_name":"Bundoora","region":"Outer North East","color":"#8ac926"}},{"type":"Feature","geometry":{"type":"Polygon","coordinates":[[[145.29646275,-37.81753846],[145.29225949,-37.81945363],[145.28798526,-37.81892599],[145.28233586,-37.82085296],[145.27830322,-37.8217826],[145.27847,-37.81934299],[145.26912996,-37.81816601],[145.2682707,-37.81829212],[145.26848319,-37.81654285],[145.26688299,-37.81755396],[145.26233501,-37.81697991],[145.26075462,-37.8163239],[145.26081531,-37.81476524],[145.2589805,-37.81453149],[145.25889502,-37.80950597],[145.25959597,-37.80930098],[145.26954999,-37.81054801],[145.27312798,-37.81147796],[145.28811398,-37.81338998],[145.28817198,-37.812059],[145.29728497,-37.81319191],[145.29646275,-37.81753846]]]},"properties":{"name":"Croydon South","geo_name":"Croydon South","region":"Outer East","color":"#6a4c93"}},{"type":"Feature","geometry":{"type":"Polygon","coordinates":[[[144.98314404,-37.73597902],[144.97689497,-37.73534697],[144.97516497,-37.73555998],[144.970539,-37.73541598],[144.96774604,-37.73423302],[144.95001604,-37.732558],[144.94964702,-37.731259],[144.95029703,-37.729989],[144.95167396,-37.73012196],[144.95202901,-37.72768804],[144.95077304,-37.72754304],[144.95099304,-37.72414225],[144.95147809,-37.72279171],[144.952133,-37.71814498],[144.96298104,-37.71921597],[144.97272596,-37.72020501],[144.97567372,-37.7192826],[144.97870204,-37.71924973],[144.97818741,-37.72036646],[144.97860955,-37.72142541],[144.98142898,-37.72171036],[144.98181863,-37.72106032],[144.98583198,-37.72143301],[144.98489351,-37.72755715],[144.98459898,-37.72801397],[144.98384231,-37.73394854],[144.98314404,-37.73597902]]]},"properties":{"name":"Coburg North","geo_name":"Coburg North","region":"Inner North","color":"#2a9d8f"}},{"type":"Feature","geometry":{"type":"Polygon","coordinates":[[[144.92911203,-37.71569796],[144.93361399,-37.71626704],[144.93377361,-37.71475139],[144.93641133,-37.71505503],[144.93649464,-37.71372702],[144.93765728,-37.71441194],[144.94545334,-37.71531221],[144.9454602,-37.71486377],[144.94865599,-37.71525797],[144.94908457,-37.71606835],[144.95038043,-37.71621669],[144.95210504,-37.71565799],[144.95168801,-37.718063],[144.952133,-37.71814498],[144.95147809,-37.72279171],[144.95099304,-37.72414225],[144.95077304,-37.72754304],[144.95202901,-37.72768804],[144.95167396,-37.73012196],[144.95029703,-37.729989],[144.94964702,-37.731259],[144.95001604,-37.732558],[144.94959243,-37.73567827],[144.94484278,-37.73517657],[144.93740908,-37.7341077],[144.93120201,-37.73338102],[144.92939999,-37.73370499],[144.92578051,-37.73325374],[144.92455076,-37.73268832],[144.92461255,-37.731004],[144.92556244,-37.73053364],[144.92469788,-37.72896631],[144.92283021,-37.72907618],[144.9224538,-37.72789315],[144.9212975,-37.7264137],[144.91947318,-37.72504424],[144.92235202,-37.72438597],[144.92122097,-37.72131002],[144.92280901,-37.72138298],[144.92332193,-37.72088758],[144.92659746,-37.72135152],[144.92805102,-37.722021],[144.92893289,-37.72167756],[144.92884497,-37.72041],[144.92941124,-37.71797685],[144.92911203,-37.71569796]]]},"properties":{"name":"Pascoe Vale","geo_name":"Pascoe Vale","region":"Outer North","color":"#1982c4"}},{"type":"Feature","geometry":{"type":"Polygon","coordinates":[[[145.00136596,-37.85900446],[144.99326238,-37.85790628],[144.98968328,-37.8564968],[144.98332153,-37.85565697],[144.98291137,-37.85460845],[144.98270796,-37.85305802],[144.98202103,-37.85182],[144.98234975,-37.85042911],[144.98420139,-37.85066723],[145.00243903,-37.85309098],[145.00136596,-37.85900446]]]},"properties":{"name":"Windsor","geo_name":"Windsor","region":"Inner South East","color":"#457b9d"}},{"type":"Feature","geometry":{"type":"Polygon","coordinates":[[[144.9967575,-37.88343678],[144.99115503,-37.87452396],[144.9940543,-37.87453466],[144.99561188,-37.87527709],[144.99764827,-37.87552558],[144.99817936,-37.87601201],[144.99800358,-37.87691677],[144.9967575,-37.88343678]]]},"properties":{"name":"Ripponlea","geo_name":"Ripponlea","region":"Inner South East","color":"#457b9d"}},{"type":"Feature","geometry":{"type":"Polygon","coordinates":[[[145.04199614,-37.67724082],[145.04053087,-37.67637811],[145.03669711,-37.67596853],[145.03676097,-37.67558502],[145.03255396,-37.67515097],[145.02996976,-37.67553918],[145.02981601,-37.67645804],[145.01519896,-37.674818],[145.01457428,-37.67330626],[145.01106094,-37.67294305],[145.00972391,-37.67234527],[145.00228599,-37.67158501],[145.00146101,-37.67185041],[144.99702756,-37.67124125],[144.98638103,-37.67010302],[144.9858829,-37.67046527],[144.97753197,-37.66955403],[144.97596404,-37.67064402],[144.97471,-37.67002502],[144.97402623,-37.66910346],[144.97574586,-37.66785731],[144.9758072,-37.66575087],[144.97497571,-37.66477203],[144.97289603,-37.66409264],[144.97221052,-37.66283313],[144.97346885,-37.66086938],[144.97223342,-37.65943838],[144.97329729,-37.65883537],[144.9746122,-37.65926295],[144.97630715,-37.65885089],[144.97685639,-37.65800647],[144.97489431,-37.65577533],[144.97551872,-37.6547331],[144.99958111,-37.65753052],[145.01655796,-37.65932603],[145.01722398,-37.659515],[145.03645402,-37.66143296],[145.03574119,-37.66207342],[145.03654144,-37.6636271],[145.03561013,-37.66557683],[145.03840298,-37.66665055],[145.03879434,-37.66741861],[145.03691294,-37.6700269],[145.03865829,-37.67051634],[145.0403812,-37.67002561],[145.04090138,-37.6706344],[145.04238515,-37.67072147],[145.04355049,-37.67206725],[145.04496478,-37.67148053],[145.04535095,-37.67264082],[145.04427236,-37.67439639],[145.04473097,-37.67518728],[145.04222796,-37.67647496],[145.04199614,-37.67724082]]]},"properties":{"name":"Lalor","geo_name":"Lalor","region":"Outer North","color":"#1982c4"}},{"type":"Feature","geometry":{"type":"Polygon","coordinates":[[[145.01631003,-37.87915702],[145.02983704,-37.88085404],[145.03460303,-37.88139297],[145.03815897,-37.88628199],[145.03765696,-37.88887803],[145.01494298,-37.88603402],[145.01631003,-37.87915702]]]},"properties":{"name":"Caulfield","geo_name":"Caulfield","region":"Inner South East","color":"#457b9d"}},{"type":"Feature","geometry":{"type":"Polygon","coordinates":[[[145.19601803,-37.96776397],[145.22346398,-37.97105995],[145.23391001,-37.97222904],[145.23413523,-37.97234751],[145.23535477,-37.97461078],[145.23499799,-37.97767045],[145.23365211,-37.97945049],[145.23267464,-37.98020379],[145.23228462,-37.98137545],[145.23253938,-37.98299148],[145.23195629,-37.98464351],[145.23017936,-37.98675385],[145.23001097,-37.98836978],[145.2291332,-37.98969339],[145.2276936,-37.99026088],[145.22725607,-37.99265087],[145.2265705,-37.99347744],[145.22877133,-37.99373811],[145.22745318,-38.00073348],[145.22537704,-38.00053001],[145.22447703,-38.00117199],[145.218766,-37.99847901],[145.21822556,-37.99987918],[145.21345802,-37.99930842],[145.21260178,-38.003548],[145.19766765,-38.00184705],[145.19545504,-38.00137609],[145.19366548,-38.00045552],[145.19467897,-37.99812198],[145.19270599,-37.99604604],[145.19209796,-37.99481098],[145.19247404,-37.99194203],[145.192521,-37.98910299],[145.19375604,-37.98810501],[145.19354996,-37.986738],[145.19462041,-37.98586398],[145.19365598,-37.98464697],[145.19407799,-37.98320402],[145.19505799,-37.98181999],[145.19700499,-37.98081803],[145.196653,-37.978322],[145.19442203,-37.97746804],[145.19371796,-37.97603103],[145.19471798,-37.97082577],[145.19582597,-37.96821297],[145.19518903,-37.96764403],[145.19601803,-37.96776397]]]},"properties":{"name":"Dandenong","geo_name":"Dandenong","region":"Outer South East","color":"#ff595e"}},{"type":"Feature","geometry":{"type":"Polygon","coordinates":[[[145.09716704,-37.94445801],[145.10070629,-37.92629361],[145.10752089,-37.92712937],[145.10990887,-37.92742884],[145.10710898,-37.94180102],[145.11627605,-37.94293604],[145.11340001,-37.95760299],[145.11229704,-37.95746799],[145.11194903,-37.95924204],[145.10677699,-37.95869002],[145.10437999,-37.95767401],[145.10337602,-37.95680702],[145.102689,-37.95543697],[145.09939601,-37.947018],[145.09716704,-37.94445801]]]},"properties":{"name":"Clarinda","geo_name":"Clarinda","region":"Outer East","color":"#6a4c93"}},{"type":"Feature","geometry":{"type":"Polygon","coordinates":[[[144.88206004,-37.69040404],[144.87977699,-37.68827602],[144.87163502,-37.681817],[144.86861499,-37.67950697],[144.86630398,-37.678076],[144.86757596,-37.671027],[144.86950901,-37.67138198],[144.87066143,-37.67200737],[144.87477953,-37.67137032],[144.87583505,-37.67217999],[144.87647905,-37.67453897],[144.87798099,-37.675195],[144.88093396,-37.67595297],[144.88338499,-37.67446197],[144.88523771,-37.67488128],[144.88594,-37.673981],[144.89940099,-37.67567997],[144.90084456,-37.66834388],[144.90454603,-37.668823],[144.90587697,-37.66201803],[144.90594102,-37.66170796],[144.90726297,-37.66264604],[144.90856806,-37.6629764],[144.91462604,-37.66345703],[144.91866401,-37.663095],[144.91873805,-37.66407201],[144.91973103,-37.66502099],[144.91972104,-37.66608499],[144.91675703,-37.66781701],[144.91611309,-37.67177185],[144.91426602,-37.67256703],[144.91334901,-37.67430497],[144.912123,-37.67443698],[144.91149392,-37.67556414],[144.90961402,-37.67603099],[144.90784103,-37.67721499],[144.9061277,-37.67710025],[144.90478705,-37.67842396],[144.90327899,-37.681026],[144.90106202,-37.68073102],[144.89334797,-37.68097896],[144.88658697,-37.680507],[144.88465404,-37.68114998],[144.88348802,-37.68217526],[144.88206004,-37.69040404]]]},"properties":{"name":"Westmeadows","geo_name":"Westmeadows","region":"Outer North","color":"#1982c4"}},{"type":"Feature","geometry":{"type":"Polygon","coordinates":[[[145.15625411,-38.06739529],[145.15463333,-38.07566247],[145.15008327,-38.07508562],[145.1495836,-38.07781603],[145.14887287,-38.08345146],[145.1415072,-38.08247597],[145.13862016,-38.08316022],[145.13634871,-38.08253545],[145.13363393,-38.08333541],[145.13397143,-38.07882231],[145.1346126,-38.07698685],[145.13460603,-38.07541202],[145.13620801,-38.07517598],[145.13429598,-38.07208402],[145.13390496,-38.07223503],[145.13200896,-38.06916202],[145.13492701,-38.06869698],[145.13971602,-38.06472398],[145.13446905,-38.05499497],[145.14456736,-38.05157988],[145.14587238,-38.05523428],[145.14777405,-38.06001908],[145.15026965,-38.06729999],[145.15522217,-38.06725151],[145.15625411,-38.06739529]]]},"properties":{"name":"Patterson Lakes","geo_name":"Patterson Lakes","region":"Outer South East","color":"#ff595e"}},{"type":"Feature","geometry":{"type":"Polygon","coordinates":[[[145.03053826,-37.95435239],[145.02967501,-37.95439003],[145.02137031,-37.95342541],[145.02104001,-37.952048],[145.02196166,-37.95016893],[145.02256086,-37.94693024],[145.02337673,-37.94324764],[145.03468339,-37.94461561],[145.03918899,-37.94524502],[145.03939934,-37.94489468],[145.04368,-37.94522601],[145.05909697,-37.947248],[145.05902399,-37.94763196],[145.05707502,-37.95799401],[145.05571403,-37.956483],[145.05311896,-37.95761703],[145.047637,-37.95692204],[145.04736536,-37.95647936],[145.04264745,-37.9558985],[145.04165741,-37.95526748],[145.03895298,-37.95509705],[145.03835602,-37.95536603],[145.032396,-37.95446802],[145.03254396,-37.95370997],[145.0306982,-37.95349446],[145.03053826,-37.95435239]]]},"properties":{"name":"Highett","geo_name":"Highett","region":"Outer South East","color":"#ff595e"}},{"type":"Feature","geometry":{"type":"Polygon","coordinates":[[[144.94914658,-37.82702292],[144.94693968,-37.82680706],[144.94282308,-37.82605304],[144.94034236,-37.82594733],[144.9376943,-37.82365925],[144.93786829,-37.82304001],[144.92854686,-37.82117701],[144.92474402,-37.82076297],[144.92061896,-37.82081101],[144.92005602,-37.81896702],[144.92276704,-37.81884],[144.92396997,-37.81760398],[144.92600702,-37.81654103],[144.92855996,-37.81618801],[144.93210898,-37.81511596],[144.933471,-37.813931],[144.93443,-37.812588],[144.93488474,-37.80983765],[144.93558406,-37.809249],[144.93957412,-37.81048026],[144.94345206,-37.81247496],[144.94758725,-37.81089746],[144.95032796,-37.81347901],[144.95143505,-37.81316599],[144.95599201,-37.82307895],[144.95335803,-37.82369903],[144.94837085,-37.82336054],[144.94853778,-37.82571093],[144.94751579,-37.82661809],[144.94914658,-37.82702292]]]},"properties":{"name":"Docklands","geo_name":"Docklands","region":"Inner City","color":"#e63946"}},{"type":"Feature","geometry":{"type":"Polygon","coordinates":[[[144.98514304,-37.79389603],[144.98567403,-37.79080901],[144.99198125,-37.78818706],[144.99523499,-37.78714596],[144.99560016,-37.78468827],[144.99752164,-37.78559213],[144.99853617,-37.78555864],[145.00012109,-37.78472293],[145.00166874,-37.7831626],[145.00329423,-37.78334665],[145.00420709,-37.78437371],[145.00504253,-37.78543666],[145.00809462,-37.78690864],[145.00852986,-37.78792151],[145.0079838,-37.78969993],[145.00585496,-37.79097258],[145.00510881,-37.79233929],[145.00295888,-37.79369768],[145.001489,-37.79427501],[145.00122304,-37.79528998],[144.99922702,-37.79557396],[144.99654797,-37.79556499],[144.99374703,-37.795299],[144.99208802,-37.795119],[144.990458,-37.79448104],[144.98514304,-37.79389603]]]},"properties":{"name":"Clifton Hill","geo_name":"Clifton Hill","region":"Inner West","color":"#a8dadc"}},{"type":"Feature","geometry":{"type":"Polygon","coordinates":[[[145.175881,-37.95041903],[145.18071603,-37.95097752],[145.18155112,-37.94643802],[145.18310752,-37.94664175],[145.18505439,-37.94612316],[145.18656012,-37.94448709],[145.18723129,-37.94135142],[145.18634063,-37.93932965],[145.18480811,-37.93854905],[145.18309754,-37.93832121],[145.18343827,-37.93649674],[145.19249522,-37.93759976],[145.19496294,-37.9377932],[145.19489587,-37.9381571],[145.19841652,-37.94091586],[145.19763355,-37.94188848],[145.19784723,-37.94308708],[145.19610986,-37.95226039],[145.19671903,-37.95312901],[145.19631198,-37.95521003],[145.19708902,-37.95568002],[145.19906702,-37.95554598],[145.20190302,-37.95589202],[145.20009353,-37.95925812],[145.19593636,-37.96417379],[145.19739606,-37.96439307],[145.19595212,-37.96608672],[145.19601803,-37.96776397],[145.19518903,-37.96764403],[145.175881,-37.95041903]]]},"properties":{"name":"Noble Park North","geo_name":"Noble Park North","region":"Outer South East","color":"#ff595e"}},{"type":"Feature","geometry":{"type":"Polygon","coordinates":[[[145.01294897,-37.89668501],[145.01494298,-37.88603402],[145.03765696,-37.88887803],[145.03613897,-37.89680801],[145.03487802,-37.90328698],[145.02598778,-37.90216533],[145.012214,-37.9005241],[145.01294897,-37.89668501]]]},"properties":{"name":"Caulfield South","geo_name":"Caulfield South","region":"Inner South East","color":"#457b9d"}},{"type":"Feature","geometry":{"type":"Polygon","coordinates":[[[145.00615822,-37.83149616],[145.00454737,-37.83118679],[145.00380351,-37.83167883],[145.00418647,-37.83416354],[145.00058802,-37.83357079],[144.99659121,-37.83432772],[144.99678804,-37.83205198],[144.99792705,-37.82568501],[144.98884455,-37.82462464],[144.98909711,-37.82311899],[144.99002235,-37.81728637],[144.99133062,-37.80985698],[144.99137102,-37.809605],[145.00965599,-37.81145502],[145.01300603,-37.81171702],[145.01539139,-37.81214291],[145.01443534,-37.81497271],[145.01439806,-37.81636431],[145.01505261,-37.81955061],[145.01579439,-37.82193013],[145.01609446,-37.82434981],[145.01687197,-37.82543302],[145.01346129,-37.82506249],[145.01296298,-37.82771398],[145.01070298,-37.82789899],[145.00693437,-37.82748902],[145.00615822,-37.83149616]]]},"properties":{"name":"Richmond","geo_name":"Richmond","region":"Inner City","color":"#e63946"}},{"type":"Feature","geometry":{"type":"Polygon","coordinates":[[[145.09524496,-37.98490404],[145.10924903,-37.986614],[145.10890902,-37.98756601],[145.10757598,-37.98915499],[145.10682202,-37.99247498],[145.10329298,-38.01077496],[145.10340402,-38.01191803],[145.10008602,-38.01138801],[145.09848297,-38.01043597],[145.09665796,-38.01031102],[145.09423864,-38.01101559],[145.09274203,-38.01066804],[145.09072084,-38.01076109],[145.08833104,-38.00920897],[145.08718401,-38.01015598],[145.08624999,-38.00982697],[145.08483732,-38.01036607],[145.08432572,-38.01121953],[145.08329779,-38.00851133],[145.08102646,-38.0052174],[145.08194097,-38.00033597],[145.082674,-38.00010899],[145.08205796,-37.99809101],[145.09152398,-37.99923398],[145.094263,-37.98478398],[145.09524496,-37.98490404]]]},"properties":{"name":"Mordialloc","geo_name":"Mordialloc","region":"Outer South East","color":"#ff595e"}},{"type":"Feature","geometry":{"type":"Polygon","coordinates":[[[144.99326238,-37.85790628],[144.99269686,-37.86116039],[144.99160103,-37.86146299],[144.99218277,-37.86248582],[144.99124699,-37.86536103],[144.99140919,-37.86579365],[144.99032566,-37.87102158],[144.98965497,-37.87212901],[144.98862,-37.87048],[144.98754583,-37.87030121],[144.98609116,-37.87095232],[144.985973,-37.87182496],[144.98369098,-37.87269696],[144.98210608,-37.87285162],[144.97931426,-37.87396833],[144.97748407,-37.87441908],[144.97687704,-37.87534101],[144.97446419,-37.87629147],[144.97411448,-37.8731546],[144.97329407,-37.87223279],[144.97527369,-37.87172063],[144.97537702,-37.86939996],[144.97344484,-37.867033],[144.97186676,-37.86590499],[144.97078672,-37.86448362],[144.97100857,-37.86339953],[144.97226896,-37.86291602],[144.97317699,-37.86158298],[144.97669103,-37.85932898],[144.97653297,-37.85832301],[144.97332798,-37.85550301],[144.97065296,-37.85355304],[144.97428796,-37.85218903],[144.97529397,-37.85357097],[144.97726297,-37.85335904],[144.97894198,-37.85245499],[144.97936529,-37.85368016],[144.98043304,-37.85477901],[144.98217299,-37.85548901],[144.98291137,-37.85460845],[144.98332153,-37.85565697],[144.98968328,-37.8564968],[144.99326238,-37.85790628]]]},"properties":{"name":"St Kilda","geo_name":"St Kilda","region":"Inner South","color":"#e9c46a"}},{"type":"Feature","geometry":{"type":"Polygon","coordinates":[[[145.03593096,-37.97075596],[145.03472511,-37.97762792],[145.03168496,-37.97444997],[145.02646104,-37.97384499],[145.02646067,-37.97582588],[145.02588523,-37.97618548],[145.02523985,-37.97960364],[145.02466003,-37.98090599],[145.02379569,-37.98578232],[145.02132568,-37.98294483],[145.0185485,-37.98192723],[145.01734129,-37.98061635],[145.01713471,-37.97932828],[145.01499719,-37.97634356],[145.01390376,-37.97435844],[145.01224334,-37.97236032],[145.01100034,-37.97159727],[145.01034224,-37.97020457],[145.00942098,-37.96965332],[145.01101919,-37.96878144],[145.01135833,-37.96675273],[145.01065474,-37.96469456],[145.01110154,-37.96341357],[145.01004963,-37.96127263],[145.01776474,-37.96239588],[145.01858749,-37.96189064],[145.0221269,-37.96185247],[145.02199404,-37.96247903],[145.02449702,-37.96276996],[145.02461503,-37.96219801],[145.0284549,-37.96272581],[145.02736402,-37.96806503],[145.02725771,-37.96928849],[145.02934336,-37.96952988],[145.03062605,-37.96844298],[145.03624105,-37.96909198],[145.03593096,-37.97075596]]]},"properties":{"name":"Black Rock","geo_name":"Black Rock","region":"Outer East","color":"#6a4c93"}},{"type":"Feature","geometry":{"type":"Polygon","coordinates":[[[144.84710675,-37.7790675],[144.84821526,-37.77311328],[144.85056653,-37.77340862],[144.8512601,-37.76976834],[144.85182061,-37.77230023],[144.85387322,-37.7739575],[144.85485097,-37.77414605],[144.85783648,-37.77581296],[144.86070645,-37.77615208],[144.86396182,-37.77423],[144.86354999,-37.77651204],[144.863951,-37.77773997],[144.86593304,-37.77798096],[144.86544101,-37.78128604],[144.86390996,-37.78948596],[144.86204699,-37.79953907],[144.86073196,-37.79938996],[144.84253944,-37.79731488],[144.84178261,-37.79641937],[144.84235257,-37.79569888],[144.84383843,-37.79520674],[144.84479923,-37.79355614],[144.84709295,-37.77981583],[144.84710675,-37.7790675]]]},"properties":{"name":"Braybrook","geo_name":"Braybrook","region":"Outer West","color":"#6a994e"}},{"type":"Feature","geometry":{"type":"Polygon","coordinates":[[[145.01012806,-37.86017287],[145.01052136,-37.8602253],[145.00857799,-37.87083697],[145.00717396,-37.87805104],[144.99800358,-37.87691677],[144.99817936,-37.87601201],[145.00003579,-37.86645509],[144.99124699,-37.86536103],[144.99218277,-37.86248582],[144.99160103,-37.86146299],[144.99269686,-37.86116039],[144.99326238,-37.85790628],[145.00136596,-37.85900446],[145.01012806,-37.86017287]]]},"properties":{"name":"St Kilda East","geo_name":"St Kilda East","region":"Inner South","color":"#e9c46a"}},{"type":"Feature","geometry":{"type":"Polygon","coordinates":[[[144.87188089,-37.77265272],[144.87165835,-37.77381716],[144.87411709,-37.77417831],[144.88551002,-37.77555901],[144.88351099,-37.78636304],[144.88268496,-37.790785],[144.87935097,-37.79041597],[144.87886903,-37.79115899],[144.86390996,-37.78948596],[144.86544101,-37.78128604],[144.86593304,-37.77798096],[144.863951,-37.77773997],[144.86354999,-37.77651204],[144.86396182,-37.77423],[144.86519114,-37.77227766],[144.86741575,-37.77211725],[144.86872035,-37.77246232],[144.87188089,-37.77265272]]]},"properties":{"name":"Maidstone","geo_name":"Maidstone","region":"Inner West","color":"#a8dadc"}},{"type":"Feature","geometry":{"type":"Polygon","coordinates":[[[145.03460303,-37.88139297],[145.02983704,-37.88085404],[145.01631003,-37.87915702],[145.00717396,-37.87805104],[145.00857799,-37.87083697],[145.01052136,-37.8602253],[145.01513662,-37.86084043],[145.02714993,-37.86608658],[145.02936622,-37.8670398],[145.03136687,-37.86835531],[145.03260723,-37.86846286],[145.03755663,-37.8731081],[145.04015202,-37.87510781],[145.03940597,-37.87691397],[145.03544496,-37.87685503],[145.03460303,-37.88139297]]]},"properties":{"name":"Caulfield North","geo_name":"Caulfield North","region":"Inner South East","color":"#457b9d"}},{"type":"Feature","geometry":{"type":"Polygon","coordinates":[[[144.93603501,-37.80236196],[144.93233199,-37.80082001],[144.93058302,-37.80036501],[144.92357998,-37.79933696],[144.922818,-37.79912504],[144.91647754,-37.79825645],[144.91630285,-37.79747865],[144.91500561,-37.79628701],[144.91294785,-37.79515563],[144.91387195,-37.79476704],[144.92290797,-37.78913437],[144.92130819,-37.78745797],[144.92246298,-37.78740204],[144.93171799,-37.78839799],[144.93782601,-37.78894001],[144.93697802,-37.789944],[144.93628001,-37.79159797],[144.93565301,-37.79506598],[144.93572304,-37.79676197],[144.93620596,-37.79872397],[144.93603501,-37.80236196]]]},"properties":{"name":"Kensington","geo_name":"Kensington","region":"Inner West","color":"#a8dadc"}},{"type":"Feature","geometry":{"type":"Polygon","coordinates":[[[145.11256797,-37.91267896],[145.11381398,-37.90597198],[145.10548199,-37.90082901],[145.09802796,-37.89625404],[145.09918197,-37.89616898],[145.106148,-37.897014],[145.11534899,-37.89794298],[145.12447724,-37.89915186],[145.124341,-37.90054198],[145.12185998,-37.91381596],[145.11326602,-37.91275899],[145.11256797,-37.91267896]]]},"properties":{"name":"Oakleigh East","geo_name":"Oakleigh East","region":"Inner South East","color":"#457b9d"}},{"type":"Feature","geometry":{"type":"Polygon","coordinates":[[[145.10434679,-38.03490145],[145.10645501,-38.03420402],[145.10615705,-38.033699],[145.11844702,-38.029545],[145.12311304,-38.03379296],[145.12591099,-38.03916603],[145.12273768,-38.04026063],[145.12319496,-38.04141497],[145.11276901,-38.04493203],[145.11002115,-38.04597076],[145.10530806,-38.0364581],[145.10434679,-38.03490145]]]},"properties":{"name":"Edithvale","geo_name":"Edithvale","region":"Outer South East","color":"#ff595e"}},{"type":"Feature","geometry":{"type":"Polygon","coordinates":[[[145.23828703,-37.83869342],[145.23699578,-37.83958544],[145.23320269,-37.83947723],[145.23183513,-37.84006018],[145.22901226,-37.83948606],[145.22886834,-37.83290534],[145.22788801,-37.83238203],[145.22783844,-37.8304434],[145.22944004,-37.83044925],[145.22943855,-37.82950055],[145.22777148,-37.82949825],[145.22769363,-37.82702698],[145.23071398,-37.82684601],[145.23227201,-37.82637502],[145.23308365,-37.82701504],[145.23682821,-37.82674858],[145.23731601,-37.826369],[145.23742698,-37.82289396],[145.24101134,-37.822967],[145.24111897,-37.81762004],[145.24620702,-37.82075401],[145.24848098,-37.82141399],[145.25173704,-37.82514704],[145.252013,-37.82510104],[145.26139609,-37.82785102],[145.26398626,-37.82800601],[145.26437401,-37.82933699],[145.26315096,-37.83133501],[145.26318603,-37.832045],[145.26121803,-37.83231797],[145.26054701,-37.83300699],[145.25899,-37.83337998],[145.258531,-37.834268],[145.25854207,-37.83659067],[145.25694069,-37.83584249],[145.25049947,-37.83769239],[145.24624767,-37.83774622],[145.2449834,-37.83843515],[145.24096581,-37.83873381],[145.23828703,-37.83869342]]]},"properties":{"name":"Heathmont","geo_name":"Heathmont","region":"Outer East","color":"#6a4c93"}},{"type":"Feature","geometry":{"type":"Polygon","coordinates":[[[144.95599396,-37.80587897],[144.93547302,-37.80367296],[144.93603501,-37.80236196],[144.93620596,-37.79872397],[144.93572304,-37.79676197],[144.93565301,-37.79506598],[144.93628001,-37.79159797],[144.93697802,-37.789944],[144.93782601,-37.78894001],[144.94025476,-37.78746311],[144.94087637,-37.78836529],[144.95472622,-37.799407],[144.95508198,-37.799446],[144.95671501,-37.80098999],[144.95663491,-37.80216502],[144.95845703,-37.80614902],[144.95599396,-37.80587897]]]},"properties":{"name":"North Melbourne","geo_name":"North Melbourne","region":"Inner City","color":"#e63946"}},{"type":"Feature","geometry":{"type":"Polygon","coordinates":[[[144.90553321,-37.81529534],[144.89985102,-37.81467304],[144.90105596,-37.81205401],[144.89825802,-37.81125097],[144.89848701,-37.81075303],[144.90023,-37.80695701],[144.89836401,-37.80642999],[144.89709602,-37.80569899],[144.89740804,-37.80397999],[144.89249192,-37.80334981],[144.88620899,-37.80217196],[144.87928004,-37.80118703],[144.87991296,-37.79769802],[144.88137905,-37.79786],[144.88268496,-37.790785],[144.88351099,-37.78636304],[144.89029204,-37.78703701],[144.89021897,-37.787417],[144.8939361,-37.78795226],[144.90281366,-37.78901127],[144.90262478,-37.78966221],[144.90313092,-37.79103404],[144.90406003,-37.79183009],[144.90807518,-37.79353265],[144.91294785,-37.79515563],[144.91500561,-37.79628701],[144.91630285,-37.79747865],[144.91647754,-37.79825645],[144.91526788,-37.80004505],[144.91394514,-37.80011174],[144.91290076,-37.79953],[144.91177869,-37.79969034],[144.91026041,-37.80081242],[144.90869546,-37.80354672],[144.90637841,-37.80901624],[144.90549586,-37.81307384],[144.90553321,-37.81529534]]]},"properties":{"name":"Footscray","geo_name":"Footscray","region":"Inner West","color":"#a8dadc"}},{"type":"Feature","geometry":{"type":"Polygon","coordinates":[[[145.06035102,-37.90649896],[145.05419696,-37.90573899],[145.05468696,-37.90173398],[145.04468999,-37.90052402],[145.04514795,-37.89820104],[145.04610103,-37.893377],[145.04478397,-37.88965096],[145.04612801,-37.88727403],[145.04963157,-37.88102006],[145.05131884,-37.88252188],[145.05371815,-37.88333843],[145.06263933,-37.88464677],[145.067459,-37.88464523],[145.06667376,-37.88507176],[145.06625551,-37.88836361],[145.06444178,-37.89637769],[145.06353966,-37.90247866],[145.06101296,-37.90253],[145.06035102,-37.90649896]]]},"properties":{"name":"Carnegie","geo_name":"Carnegie","region":"Inner South East","color":"#457b9d"}},{"type":"Feature","geometry":{"type":"Polygon","coordinates":[[[145.04015202,-37.87510781],[145.04501901,-37.87603308],[145.04656539,-37.87701487],[145.04963157,-37.88102006],[145.04612801,-37.88727403],[145.03815897,-37.88628199],[145.03460303,-37.88139297],[145.03544496,-37.87685503],[145.03940597,-37.87691397],[145.04015202,-37.87510781]]]},"properties":{"name":"Caulfield East","geo_name":"Caulfield East","region":"Inner South East","color":"#457b9d"}},{"type":"Feature","geometry":{"type":"Polygon","coordinates":[[[145.02476903,-37.91080998],[145.02582199,-37.90621496],[145.03897603,-37.90772398],[145.04338596,-37.90845999],[145.05273602,-37.909629],[145.05340653,-37.90957049],[145.05236403,-37.91511449],[145.04723205,-37.91453296],[145.04258697,-37.91328997],[145.03760601,-37.91265703],[145.03727799,-37.914433],[145.03300096,-37.91392603],[145.03222001,-37.91452798],[145.03011502,-37.91345599],[145.02853403,-37.91216902],[145.026539,-37.91171103],[145.02476903,-37.91080998]]]},"properties":{"name":"McKinnon","geo_name":"Mckinnon","region":"Inner South East","color":"#457b9d"}},{"type":"Feature","geometry":{"type":"Polygon","coordinates":[[[144.8671028,-37.82427003],[144.85775185,-37.82454922],[144.85908625,-37.81845821],[144.85983268,-37.81384162],[144.86019898,-37.81370503],[144.86923998,-37.81119803],[144.88346502,-37.81282399],[144.88416199,-37.80921503],[144.88947951,-37.80980655],[144.89075468,-37.80930182],[144.89405697,-37.80970684],[144.89396103,-37.81024204],[144.89848701,-37.81075303],[144.89825802,-37.81125097],[144.90105596,-37.81205401],[144.89985102,-37.81467304],[144.90553321,-37.81529534],[144.90629835,-37.81844052],[144.90665154,-37.82082506],[144.90553409,-37.82282063],[144.90547544,-37.8228786],[144.89585696,-37.82179667],[144.89493374,-37.82695508],[144.89321147,-37.82557188],[144.8915874,-37.82555628],[144.8891156,-37.82475971],[144.88803179,-37.82300744],[144.8860475,-37.82267563],[144.88425978,-37.82465278],[144.88130591,-37.82472149],[144.88118168,-37.82540312],[144.87573945,-37.82474743],[144.87044444,-37.82425481],[144.8671028,-37.82427003]]]},"properties":{"name":"Yarraville","geo_name":"Yarraville","region":"Inner West","color":"#a8dadc"}},{"type":"Feature","geometry":{"type":"Polygon","coordinates":[[[144.98502345,-37.84568757],[144.98420139,-37.85066723],[144.98234975,-37.85042911],[144.98202103,-37.85182],[144.98270796,-37.85305802],[144.98291137,-37.85460845],[144.98217299,-37.85548901],[144.98043304,-37.85477901],[144.97936529,-37.85368016],[144.97894198,-37.85245499],[144.97795097,-37.84951696],[144.97689496,-37.84943998],[144.97524405,-37.848346],[144.972911,-37.84784301],[144.97150903,-37.846802],[144.97072196,-37.84554399],[144.97094902,-37.84295603],[144.97174205,-37.841793],[144.97133003,-37.83959014],[144.97007796,-37.83864896],[144.96867492,-37.83843017],[144.96764602,-37.83738499],[144.96957895,-37.83651898],[144.97169095,-37.834262],[144.97160704,-37.83233496],[144.97021622,-37.832734],[144.969673,-37.83101104],[144.97041009,-37.83015933],[144.97132145,-37.82989485],[144.97142302,-37.82743697],[144.97093296,-37.82507],[144.96826201,-37.81924497],[144.96623304,-37.81949997],[144.96119701,-37.82055398],[144.95599201,-37.82307895],[144.95143505,-37.81316599],[144.95644601,-37.81175399],[144.955393,-37.80948701],[144.95599396,-37.80587897],[144.95845703,-37.80614902],[144.95663491,-37.80216502],[144.95671501,-37.80098999],[144.95508198,-37.799446],[144.95882993,-37.79986102],[144.95847108,-37.80192906],[144.96009004,-37.80544499],[144.959936,-37.80633899],[144.97093604,-37.80751798],[144.971363,-37.80772797],[144.97486705,-37.81528897],[144.97568481,-37.81664497],[144.97861298,-37.81859296],[144.98403297,-37.82174998],[144.98703903,-37.82285603],[144.98909711,-37.82311899],[144.98884455,-37.82462464],[144.98792458,-37.82961808],[144.98660785,-37.82840324],[144.98498796,-37.82766942],[144.98367799,-37.834296],[144.97890799,-37.83367596],[144.97859201,-37.83519799],[144.97656396,-37.83548002],[144.97624996,-37.83701001],[144.97741995,-37.83716103],[144.98030704,-37.84506201],[144.98502345,-37.84568757]]]},"properties":{"name":"Melbourne","geo_name":"Melbourne","region":"Inner City","color":"#e63946"}},{"type":"Feature","geometry":{"type":"Polygon","coordinates":[[[144.90156879,-37.76541017],[144.90219801,-37.76473397],[144.90356299,-37.76488198],[144.9038561,-37.76324052],[144.904835,-37.76258997],[144.90500997,-37.76170002],[144.90373698,-37.76034102],[144.905319,-37.76012202],[144.90640503,-37.76059696],[144.90919499,-37.760885],[144.90982601,-37.76044399],[144.91322888,-37.76063737],[144.91459792,-37.76102933],[144.91669479,-37.76073173],[144.91625204,-37.75693701],[144.93213902,-37.75873197],[144.93378538,-37.75937728],[144.93463224,-37.76062328],[144.93652824,-37.76018306],[144.93831501,-37.76081565],[144.9384572,-37.76149183],[144.93800114,-37.76646908],[144.93756576,-37.76901146],[144.93537965,-37.77011861],[144.93557469,-37.77101587],[144.93771056,-37.77101123],[144.93835011,-37.77187727],[144.93657347,-37.77381661],[144.9344177,-37.77332409],[144.927445,-37.77258597],[144.92644097,-37.772824],[144.916178,-37.77173703],[144.90102054,-37.77003292],[144.90228688,-37.76874469],[144.90156879,-37.76541017]]]},"properties":{"name":"Moonee Ponds","geo_name":"Moonee Ponds","region":"Inner West","color":"#a8dadc"}},{"type":"Feature","geometry":{"type":"Polygon","coordinates":[[[145.10340402,-38.01191803],[145.10063547,-38.01359019],[145.11844702,-38.029545],[145.10615705,-38.033699],[145.10645501,-38.03420402],[145.10434679,-38.03490145],[145.10181802,-38.03036198],[145.09788592,-38.02404579],[145.09334714,-38.01782046],[145.08778094,-38.01193904],[145.08594522,-38.01078517],[145.08432572,-38.01121953],[145.08483732,-38.01036607],[145.08624999,-38.00982697],[145.08718401,-38.01015598],[145.08833104,-38.00920897],[145.09072084,-38.01076109],[145.09274203,-38.01066804],[145.09423864,-38.01101559],[145.09665796,-38.01031102],[145.09848297,-38.01043597],[145.10008602,-38.01138801],[145.10340402,-38.01191803]]]},"properties":{"name":"Aspendale","geo_name":"Aspendale","region":"Outer South East","color":"#ff595e"}},{"type":"Feature","geometry":{"type":"Polygon","coordinates":[[[145.04514795,-37.89820104],[145.04096898,-37.89767897],[145.04047405,-37.89733898],[145.03613897,-37.89680801],[145.03765696,-37.88887803],[145.03815897,-37.88628199],[145.04612801,-37.88727403],[145.04478397,-37.88965096],[145.04610103,-37.893377],[145.04514795,-37.89820104]]]},"properties":{"name":"Glen Huntly","geo_name":"Glen Huntly","region":"Inner South East","color":"#457b9d"}},{"type":"Feature","geometry":{"type":"Polygon","coordinates":[[[144.85297102,-37.85241201],[144.85369243,-37.84974863],[144.85461147,-37.84861768],[144.85654502,-37.84797488],[144.86304596,-37.84853098],[144.87135698,-37.84947803],[144.87471096,-37.84914401],[144.88897597,-37.85782403],[144.88704903,-37.85767998],[144.86269399,-37.855108],[144.85297102,-37.85241201]]]},"properties":{"name":"Williamstown North","geo_name":"Williamstown North","region":"Inner West","color":"#a8dadc"}},{"type":"Feature","geometry":{"type":"Polygon","coordinates":[[[144.98514304,-37.79389603],[144.97574003,-37.79291299],[144.9781361,-37.78007342],[144.97928103,-37.77300099],[144.98343998,-37.773527],[144.9833831,-37.77409312],[144.98684934,-37.77431889],[144.98853552,-37.7750856],[144.98851838,-37.77640709],[144.98965609,-37.7776721],[144.98998833,-37.77933865],[144.99170073,-37.78010826],[144.99195589,-37.78247409],[144.99396399,-37.7833859],[144.99560016,-37.78468827],[144.99523499,-37.78714596],[144.99198125,-37.78818706],[144.98567403,-37.79080901],[144.98514304,-37.79389603]]]},"properties":{"name":"Fitzroy North","geo_name":"Fitzroy North","region":"Inner City","color":"#e63946"}},{"type":"Feature","geometry":{"type":"Polygon","coordinates":[[[145.10339402,-37.91159502],[145.10548199,-37.90082901],[145.11381398,-37.90597198],[145.11256797,-37.91267896],[145.10339402,-37.91159502]]]},"properties":{"name":"Huntingdale","geo_name":"Huntingdale","region":"Inner South","color":"#e9c46a"}},{"type":"Feature","geometry":{"type":"Polygon","coordinates":[[[144.99817936,-37.87601201],[144.99764827,-37.87552558],[144.99561188,-37.87527709],[144.9940543,-37.87453466],[144.99115503,-37.87452396],[144.98965497,-37.87212901],[144.99032566,-37.87102158],[144.99140919,-37.86579365],[144.99124699,-37.86536103],[145.00003579,-37.86645509],[144.99817936,-37.87601201]]]},"properties":{"name":"Balaclava","geo_name":"Balaclava","region":"Inner South East","color":"#457b9d"}},{"type":"Feature","geometry":{"type":"Polygon","coordinates":[[[145.027418,-37.76623001],[145.03120336,-37.76663122],[145.03143561,-37.76853617],[145.03243613,-37.77068648],[145.03525058,-37.77027013],[145.03657991,-37.77050096],[145.03710812,-37.77141797],[145.03681229,-37.77257135],[145.03449459,-37.77235644],[145.03412231,-37.77271103],[145.03545463,-37.77473217],[145.03512846,-37.77761366],[145.03470671,-37.77856638],[145.03741766,-37.77962931],[145.03858227,-37.77933242],[145.03806255,-37.78127869],[145.03699362,-37.78152955],[145.03792264,-37.78319239],[145.04019671,-37.78422187],[145.0408286,-37.78546016],[145.04483469,-37.78393553],[145.04510428,-37.7846494],[145.0435783,-37.78658626],[145.04096257,-37.7867726],[145.04166397,-37.78780963],[145.04122206,-37.78942051],[145.04032804,-37.78978061],[145.03604258,-37.78976353],[145.03189344,-37.78993326],[145.02956876,-37.7885493],[145.02825055,-37.78688147],[145.0264619,-37.78697473],[145.02452873,-37.7865228],[145.02235869,-37.78655132],[145.02132639,-37.78696304],[145.01973704,-37.78655404],[145.02036725,-37.78417017],[145.02035688,-37.78282544],[145.01917259,-37.78306597],[145.01975098,-37.77918804],[145.02508,-37.77916398],[145.027418,-37.76623001]]]},"properties":{"name":"Alphington","geo_name":"Alphington","region":"Inner North","color":"#2a9d8f"}},{"type":"Feature","geometry":{"type":"Polygon","coordinates":[[[144.98965497,-37.87212901],[144.99115503,-37.87452396],[144.9967575,-37.88343678],[144.99705204,-37.88386502],[144.9922643,-37.88327348],[144.99067171,-37.89173659],[144.98482332,-37.89098421],[144.98346258,-37.88907523],[144.97940222,-37.88473459],[144.9755737,-37.88204656],[144.97593456,-37.88130426],[144.97576588,-37.87954456],[144.97446419,-37.87629147],[144.97687704,-37.87534101],[144.97748407,-37.87441908],[144.97931426,-37.87396833],[144.98210608,-37.87285162],[144.98369098,-37.87269696],[144.985973,-37.87182496],[144.98609116,-37.87095232],[144.98754583,-37.87030121],[144.98862,-37.87048],[144.98965497,-37.87212901]]]},"properties":{"name":"Elwood","geo_name":"Elwood","region":"Inner South","color":"#e9c46a"}},{"type":"Feature","geometry":{"type":"Polygon","coordinates":[[[145.00474441,-37.89581685],[145.00103804,-37.88858906],[144.99705204,-37.88386502],[144.9967575,-37.88343678],[144.99800358,-37.87691677],[145.00717396,-37.87805104],[145.01631003,-37.87915702],[145.01494298,-37.88603402],[145.01294897,-37.89668501],[145.00474441,-37.89581685]]]},"properties":{"name":"Elsternwick","geo_name":"Elsternwick","region":"Inner South East","color":"#457b9d"}},{"type":"Feature","geometry":{"type":"Polygon","coordinates":[[[145.13200896,-38.06916202],[145.12817102,-38.070195],[145.121181,-38.07285701],[145.1204769,-38.07325162],[145.11951199,-38.07224197],[145.11888098,-38.07027508],[145.11863903,-38.06837775],[145.11604765,-38.06013046],[145.11923697,-38.05946898],[145.11889499,-38.05847],[145.12690297,-38.05576803],[145.12814302,-38.05438802],[145.13321304,-38.05267599],[145.13446905,-38.05499497],[145.13971602,-38.06472398],[145.13492701,-38.06869698],[145.13200896,-38.06916202]]]},"properties":{"name":"Bonbeach","geo_name":"Bonbeach","region":"Outer South East","color":"#ff595e"}},{"type":"Feature","geometry":{"type":"Polygon","coordinates":[[[145.067459,-37.88464523],[145.06998189,-37.88459926],[145.07211172,-37.88493939],[145.07818255,-37.8871519],[145.0742074,-37.908145],[145.06212802,-37.90663402],[145.06035102,-37.90649896],[145.06101296,-37.90253],[145.06353966,-37.90247866],[145.06444178,-37.89637769],[145.06625551,-37.88836361],[145.06667376,-37.88507176],[145.067459,-37.88464523]]]},"properties":{"name":"Murrumbeena","geo_name":"Murrumbeena","region":"Inner South East","color":"#457b9d"}},{"type":"Feature","geometry":{"type":"Polygon","coordinates":[[[145.13321304,-38.05267599],[145.12814302,-38.05438802],[145.12690297,-38.05576803],[145.11889499,-38.05847],[145.11923697,-38.05946898],[145.11604765,-38.06013046],[145.11383643,-38.05458125],[145.11257752,-38.05263428],[145.1123453,-38.05107834],[145.11002115,-38.04597076],[145.11276901,-38.04493203],[145.12319496,-38.04141497],[145.12273768,-38.04026063],[145.12591099,-38.03916603],[145.12978504,-38.04621099],[145.13321304,-38.05267599]]]},"properties":{"name":"Chelsea","geo_name":"Chelsea","region":"Outer South East","color":"#ff595e"}},{"type":"Feature","geometry":{"type":"Polygon","coordinates":[[[145.07735001,-37.94984],[145.05902399,-37.94763196],[145.05909697,-37.947248],[145.04368,-37.94522601],[145.03939934,-37.94489468],[145.03784835,-37.94257203],[145.03695535,-37.94072718],[145.03644375,-37.93857899],[145.03652911,-37.93559697],[145.03440114,-37.93302807],[145.04861191,-37.93472759],[145.05489536,-37.93551121],[145.05679565,-37.93588741],[145.06856688,-37.9373933],[145.07342333,-37.93782827],[145.07953336,-37.93875232],[145.07735001,-37.94984]]]},"properties":{"name":"Moorabbin","geo_name":"Moorabbin","region":"Outer South East","color":"#ff595e"}},{"type":"Feature","geometry":{"type":"Polygon","coordinates":[[[144.85983268,-37.81384162],[144.85908625,-37.81845821],[144.85775185,-37.82454922],[144.84602692,-37.82492597],[144.83890499,-37.82553702],[144.82926301,-37.82559397],[144.82248001,-37.825739],[144.82083079,-37.82601071],[144.823844,-37.82412358],[144.82748771,-37.82280394],[144.82556052,-37.82028632],[144.82507395,-37.81850044],[144.82666863,-37.81688954],[144.82823501,-37.81622599],[144.82893599,-37.81508603],[144.82822099,-37.81372904],[144.82834596,-37.81188102],[144.82920296,-37.81106297],[144.83081505,-37.810341],[144.83454015,-37.80644792],[144.83464492,-37.80536259],[144.83295911,-37.80288241],[144.83645204,-37.80271804],[144.83857341,-37.80227615],[144.84370686,-37.802863],[144.84430161,-37.80361855],[144.85585139,-37.81488913],[144.85983268,-37.81384162]]]},"properties":{"name":"Brooklyn","geo_name":"Brooklyn","region":"Outer West","color":"#6a994e"}},{"type":"Feature","geometry":{"type":"Polygon","coordinates":[[[145.106148,-37.897014],[145.10699797,-37.89273504],[145.10899601,-37.88251403],[145.11073502,-37.87320504],[145.11299596,-37.86108702],[145.11398685,-37.85551362],[145.13140492,-37.85755912],[145.14353893,-37.85890099],[145.15075299,-37.85976931],[145.14594902,-37.88518702],[145.14475397,-37.89127503],[145.14293302,-37.90125504],[145.12922196,-37.89969102],[145.12447724,-37.89915186],[145.11534899,-37.89794298],[145.106148,-37.897014]]]},"properties":{"name":"Mount Waverley","geo_name":"Mount Waverley","region":"Outer East","color":"#6a4c93"}},{"type":"Feature","geometry":{"type":"Polygon","coordinates":[[[145.1204769,-38.07325162],[145.121181,-38.07285701],[145.12817102,-38.070195],[145.13200896,-38.06916202],[145.13390496,-38.07223503],[145.13429598,-38.07208402],[145.13620801,-38.07517598],[145.13460603,-38.07541202],[145.1346126,-38.07698685],[145.13397143,-38.07882231],[145.13363393,-38.08333541],[145.13139811,-38.08373018],[145.12855525,-38.08213204],[145.12726478,-38.08176706],[145.1240901,-38.08223633],[145.12468831,-38.08481364],[145.12278043,-38.08509482],[145.1225625,-38.08328708],[145.12144409,-38.07831217],[145.120345,-38.07559099],[145.11983695,-38.07367702],[145.1204769,-38.07325162]]]},"properties":{"name":"Carrum","geo_name":"Carrum","region":"Outer South East","color":"#ff595e"}},{"type":"Feature","geometry":{"type":"Polygon","coordinates":[[[145.09366662,-37.86130403],[145.0920527,-37.87062272],[145.09214865,-37.87180986],[145.09118407,-37.87225602],[145.08749198,-37.87147029],[145.08628606,-37.87200041],[145.0841717,-37.87220659],[145.08208541,-37.87310896],[145.07976147,-37.8732401],[145.07823299,-37.8746131],[145.0748775,-37.87599325],[145.07294761,-37.87585179],[145.07018875,-37.87459878],[145.0690487,-37.87493761],[145.06866218,-37.87343827],[145.06892243,-37.87214532],[145.06548472,-37.86769065],[145.0641585,-37.86802105],[145.06359046,-37.86706886],[145.06176301,-37.86555707],[145.06217034,-37.86385533],[145.06355778,-37.86520488],[145.06466696,-37.86505529],[145.06538182,-37.8669775],[145.06702981,-37.86614995],[145.0699015,-37.86666979],[145.07520946,-37.867003],[145.07577411,-37.86341628],[145.07528235,-37.8624143],[145.0760897,-37.85809999],[145.07764805,-37.85912503],[145.07959627,-37.8595485],[145.08161902,-37.85884961],[145.08189714,-37.85970187],[145.09318074,-37.86088215],[145.09366662,-37.86130403]]]},"properties":{"name":"Ashburton","geo_name":"Ashburton","region":"Inner East","color":"#f4a261"}},{"type":"Feature","geometry":{"type":"Polygon","coordinates":[[[145.02993342,-37.85161068],[145.02989198,-37.84955197],[145.03068004,-37.84831502],[145.03004493,-37.8475624],[145.02994319,-37.84572901],[145.03142485,-37.84377037],[145.04030665,-37.84481454],[145.04028333,-37.84496473],[145.04048085,-37.84581938],[145.04266366,-37.84755323],[145.04387801,-37.84812408],[145.04441405,-37.84862741],[145.04215761,-37.85044251],[145.04105482,-37.8555297],[145.03972098,-37.86343837],[145.04009659,-37.86348878],[145.03926315,-37.8643863],[145.03914022,-37.86608557],[145.03835701,-37.87033027],[145.03728909,-37.87025481],[145.03706491,-37.87142997],[145.03806239,-37.87193953],[145.03755663,-37.8731081],[145.03260723,-37.86846286],[145.03136687,-37.86835531],[145.02936622,-37.8670398],[145.02714993,-37.86608658],[145.02698306,-37.8643412],[145.02755359,-37.86393129],[145.02876853,-37.85696609],[145.02877682,-37.85462931],[145.02918763,-37.85192578],[145.02993342,-37.85161068]]]},"properties":{"name":"Malvern","geo_name":"Malvern","region":"Inner South East","color":"#457b9d"}},{"type":"Feature","geometry":{"type":"Polygon","coordinates":[[[145.16913999,-37.86200504],[145.19571004,-37.86517377],[145.19476893,-37.86535089],[145.19498869,-37.86748276],[145.19406496,-37.86838167],[145.19328139,-37.87147299],[145.19327442,-37.87361293],[145.19232037,-37.87589391],[145.1912553,-37.87683503],[145.19188796,-37.87779631],[145.19088669,-37.87903534],[145.19301319,-37.88229552],[145.19524299,-37.88318945],[145.19478962,-37.88563046],[145.19592195,-37.88659961],[145.19510552,-37.88743731],[145.19612975,-37.88822675],[145.19837691,-37.8892291],[145.2002548,-37.89170224],[145.20016239,-37.8929552],[145.17635598,-37.89025099],[145.17355404,-37.90487497],[145.16140395,-37.90353696],[145.15281601,-37.90261497],[145.14683403,-37.90171902],[145.14293302,-37.90125504],[145.14475397,-37.89127503],[145.14594902,-37.88518702],[145.15075299,-37.85976931],[145.16913999,-37.86200504]]]},"properties":{"name":"Glen Waverley","geo_name":"Glen Waverley","region":"Inner East","color":"#f4a261"}},{"type":"Feature","geometry":{"type":"Polygon","coordinates":[[[145.00459697,-37.92938403],[145.00585498,-37.92334103],[145.00698212,-37.91703799],[145.00867998,-37.908156],[145.00867699,-37.90657699],[145.00794504,-37.90520501],[145.00632168,-37.89982062],[145.012214,-37.9005241],[145.02598778,-37.90216533],[145.02637284,-37.90271051],[145.02582199,-37.90621496],[145.02476903,-37.91080998],[145.02341503,-37.918607],[145.02605904,-37.9188615],[145.02553101,-37.92073598],[145.02245805,-37.92061192],[145.02718465,-37.92558951],[145.03171758,-37.93010765],[145.03439275,-37.93302712],[145.02495302,-37.93183399],[145.02430349,-37.93230549],[145.01319908,-37.93093192],[145.00830167,-37.93042084],[145.00600904,-37.930618],[145.00448999,-37.92995458],[145.00459697,-37.92938403]]]},"properties":{"name":"Brighton East","geo_name":"Brighton East","region":"Outer South East","color":"#ff595e"}},{"type":"Feature","geometry":{"type":"Polygon","coordinates":[[[144.86566797,-37.83307998],[144.8660824,-37.83360487],[144.86488803,-37.84053898],[144.86374001,-37.84073402],[144.86349518,-37.8429929],[144.86156793,-37.84278718],[144.8609855,-37.8464084],[144.86336196,-37.84666404],[144.86304596,-37.84853098],[144.85654502,-37.84797488],[144.85461147,-37.84861768],[144.85369243,-37.84974863],[144.85297102,-37.85241201],[144.84504599,-37.850089],[144.84147297,-37.849275],[144.838673,-37.849313],[144.83615004,-37.85004598],[144.834839,-37.85013296],[144.82809598,-37.84931796],[144.82244904,-37.84875801],[144.803034,-37.84647402],[144.79979402,-37.84593401],[144.78974699,-37.84489401],[144.78513216,-37.84451787],[144.81399085,-37.83099921],[144.8196784,-37.82673239],[144.82083079,-37.82601071],[144.82248001,-37.825739],[144.82926301,-37.82559397],[144.83890499,-37.82553702],[144.84602692,-37.82492597],[144.85775185,-37.82454922],[144.8671028,-37.82427003],[144.86566797,-37.83307998]]]},"properties":{"name":"Altona North","geo_name":"Altona North","region":"Outer West","color":"#6a994e"}},{"type":"Feature","geometry":{"type":"Polygon","coordinates":[[[144.971363,-37.80772797],[144.97318807,-37.80792296],[144.98255291,-37.80892162],[144.99133062,-37.80985698],[144.99002235,-37.81728637],[144.98909711,-37.82311899],[144.98703903,-37.82285603],[144.98403297,-37.82174998],[144.97861298,-37.81859296],[144.97568481,-37.81664497],[144.97486705,-37.81528897],[144.971363,-37.80772797]]]},"properties":{"name":"East Melbourne","geo_name":"East Melbourne","region":"Inner City","color":"#e63946"}},{"type":"Feature","geometry":{"type":"Polygon","coordinates":[[[144.80839435,-37.88199554],[144.80520786,-37.88047912],[144.80030047,-37.87991523],[144.79834318,-37.87886062],[144.79759404,-37.87568201],[144.79318199,-37.87506004],[144.78806096,-37.873905],[144.78875545,-37.87003269],[144.79158104,-37.87035456],[144.7903739,-37.86561341],[144.79080817,-37.86441264],[144.78951056,-37.860001],[144.78921403,-37.85995899],[144.77962301,-37.86240996],[144.77814397,-37.85935302],[144.777726,-37.85904304],[144.78023,-37.848927],[144.78113799,-37.84724401],[144.78250396,-37.84601498],[144.78513216,-37.84451787],[144.78974699,-37.84489401],[144.79979402,-37.84593401],[144.803034,-37.84647402],[144.82244904,-37.84875801],[144.82809598,-37.84931796],[144.834839,-37.85013296],[144.83615004,-37.85004598],[144.838673,-37.849313],[144.84147297,-37.849275],[144.84504599,-37.850089],[144.85297102,-37.85241201],[144.85164697,-37.85594804],[144.85397203,-37.85594604],[144.85825301,-37.85764703],[144.86155002,-37.85765796],[144.86383901,-37.85791396],[144.86771462,-37.85904031],[144.86702236,-37.85964782],[144.86013023,-37.86128655],[144.85772572,-37.86236922],[144.85611975,-37.86347923],[144.85257866,-37.86332827],[144.85089313,-37.86391583],[144.84961097,-37.86261101],[144.84992197,-37.85964403],[144.843531,-37.85750597],[144.83916695,-37.86497604],[144.83806284,-37.87133669],[144.83573254,-37.87152331],[144.83246644,-37.8709608],[144.82956765,-37.87067027],[144.82601138,-37.87073046],[144.82304964,-37.87131216],[144.81945728,-37.87255404],[144.81377334,-37.87546136],[144.81243514,-37.87642565],[144.81188934,-37.87738766],[144.80871735,-37.88050262],[144.80839435,-37.88199554]]]},"properties":{"name":"Altona","geo_name":"Altona","region":"Inner West","color":"#a8dadc"}},{"type":"Feature","geometry":{"type":"Polygon","coordinates":[[[145.16126801,-38.176899],[145.16209498,-38.17515299],[145.16638196,-38.15921501],[145.16842505,-38.15562598],[145.17116197,-38.15159791],[145.17230154,-38.14896515],[145.17314824,-38.14537479],[145.17334971,-38.14178786],[145.17315399,-38.139495],[145.17691797,-38.14052096],[145.17822202,-38.13171001],[145.18194604,-38.12677297],[145.18308397,-38.12526396],[145.18751901,-38.12360901],[145.19020303,-38.12403404],[145.201679,-38.12546998],[145.21454701,-38.12700301],[145.21347105,-38.13269294],[145.21977622,-38.13345635],[145.22116026,-38.12625963],[145.22566307,-38.12679204],[145.22572273,-38.1264876],[145.22953796,-38.12693903],[145.22777052,-38.13620344],[145.22794897,-38.1364666],[145.22456648,-38.15422858],[145.22436599,-38.15449499],[145.2222992,-38.16515702],[145.22173537,-38.16898567],[145.21872583,-38.18492363],[145.20847904,-38.18371399],[145.20417402,-38.18220097],[145.165373,-38.17756003],[145.16126801,-38.176899]]]},"properties":{"name":"Langwarrin","geo_name":"Langwarrin","region":"Outer South East","color":"#ff595e"}},{"type":"Feature","geometry":{"type":"Polygon","coordinates":[[[145.319705,-38.04542604],[145.32226998,-38.042682],[145.322882,-38.03867702],[145.33111797,-38.03968435],[145.33144798,-38.03943297],[145.32847599,-38.03614495],[145.32403404,-38.03149602],[145.32200604,-38.02961498],[145.32191601,-38.02817902],[145.31788202,-38.02530697],[145.31331198,-38.02148797],[145.31442601,-38.01970698],[145.31654604,-38.01892997],[145.31748504,-38.01762596],[145.31820496,-38.01748498],[145.31881004,-38.014473],[145.32116299,-38.01428497],[145.32136096,-38.01268896],[145.31876398,-38.01205304],[145.31955457,-38.00856647],[145.32191467,-38.0081332],[145.32194941,-38.00697073],[145.32268115,-38.00486484],[145.32989891,-38.00576066],[145.3316638,-38.00719323],[145.33081839,-38.0086113],[145.33363236,-38.0099475],[145.33605538,-38.00902427],[145.33720044,-38.00916296],[145.33754897,-38.00736215],[145.33833335,-38.00745684],[145.34371578,-38.01106878],[145.343977,-38.00814397],[145.34640428,-38.00843578],[145.34695601,-38.00746401],[145.35000001,-38.00919896],[145.353483,-38.00618804],[145.35792802,-38.00681432],[145.35807699,-38.00615398],[145.36088403,-38.00660798],[145.36133897,-38.00460398],[145.3670264,-38.00528938],[145.37038002,-38.00670554],[145.369686,-38.00982797],[145.37295559,-38.01033363],[145.37489877,-38.01115087],[145.37476248,-38.01178968],[145.37669605,-38.01223584],[145.38534946,-38.01332866],[145.38419342,-38.01478649],[145.38358325,-38.01661825],[145.3814894,-38.01716697],[145.37947169,-38.01818223],[145.37948301,-38.02044803],[145.37753534,-38.02404797],[145.37785845,-38.02476046],[145.37662106,-38.02590715],[145.37690033,-38.02678326],[145.37531858,-38.02887207],[145.37318119,-38.03061505],[145.37203862,-38.03209673],[145.37005256,-38.03282355],[145.36969237,-38.03481488],[145.36882507,-38.03537482],[145.36718786,-38.0378178],[145.36614887,-38.03863349],[145.36665115,-38.04065559],[145.36649939,-38.04275779],[145.36478505,-38.04441383],[145.36612734,-38.04589926],[145.36669333,-38.04739736],[145.36639691,-38.04847594],[145.3645227,-38.04942113],[145.36472276,-38.05071825],[145.36042889,-38.04908854],[145.359199,-38.052395],[145.361466,-38.05392897],[145.36706203,-38.05914396],[145.36860196,-38.05995301],[145.37039296,-38.06041503],[145.37238197,-38.06034898],[145.37527166,-38.05964554],[145.37525277,-38.06177655],[145.37600201,-38.06246809],[145.37595916,-38.06426891],[145.37747674,-38.06587249],[145.38083527,-38.06693304],[145.38004958,-38.06768881],[145.38145244,-38.07006276],[145.37842027,-38.07036698],[145.37846194,-38.0717238],[145.37748687,-38.07358189],[145.37791961,-38.07404913],[145.37654298,-38.07510552],[145.37703253,-38.07643846],[145.37645908,-38.07959062],[145.35945702,-38.07746903],[145.33534404,-38.07451103],[145.33579697,-38.07217096],[145.33498302,-38.07090199],[145.33003302,-38.06850301],[145.32787499,-38.06774098],[145.32760698,-38.06362696],[145.32640701,-38.06055295],[145.32506001,-38.05794698],[145.32269903,-38.05763102],[145.32116296,-38.05673502],[145.32080497,-38.053549],[145.32031502,-38.05207498],[145.31839296,-38.04996302],[145.318181,-38.04857704],[145.319705,-38.04542604]]]},"properties":{"name":"Berwick","geo_name":"Berwick","region":"Outer East","color":"#6a4c93"}},{"type":"Feature","geometry":{"type":"Polygon","coordinates":[[[144.98081246,-37.75894741],[144.98015615,-37.75729749],[144.97920432,-37.75426393],[144.98003492,-37.75304378],[144.98181314,-37.75201862],[144.98084136,-37.75027001],[144.99493404,-37.75175999],[144.995536,-37.75167004],[145.00165199,-37.75229003],[145.01566003,-37.75389696],[145.02855697,-37.75529299],[145.03136751,-37.75573221],[145.0321994,-37.75679736],[145.03145857,-37.75740321],[145.02934056,-37.75761531],[145.02902926,-37.75803853],[145.02993961,-37.75995257],[145.02854033,-37.76133946],[145.02792423,-37.76251008],[145.02803972,-37.76410954],[145.03053828,-37.76491255],[145.03120336,-37.76663122],[145.027418,-37.76623001],[145.01758397,-37.76518798],[144.9998181,-37.76326025],[144.999913,-37.76269696],[144.99636902,-37.76222002],[144.99622031,-37.76279157],[144.99335196,-37.76245401],[144.99346197,-37.76188501],[144.98566799,-37.76077815],[144.98589369,-37.75964539],[144.98081246,-37.75894741]]]},"properties":{"name":"Thornbury","geo_name":"Thornbury","region":"Inner North","color":"#2a9d8f"}},{"type":"Feature","geometry":{"type":"Polygon","coordinates":[[[145.0742074,-37.908145],[145.08516405,-37.90949713],[145.08530643,-37.90951477],[145.08122571,-37.93014887],[145.0799836,-37.93709388],[145.07953336,-37.93875232],[145.07342333,-37.93782827],[145.06856688,-37.9373933],[145.05679565,-37.93588741],[145.05489536,-37.93551121],[145.04861191,-37.93472759],[145.04923958,-37.93308622],[145.05167711,-37.93342447],[145.05193594,-37.93202099],[145.04953133,-37.93169823],[145.04989519,-37.92865466],[145.05132276,-37.92109896],[145.05190618,-37.91977345],[145.05190813,-37.91815045],[145.05236403,-37.91511449],[145.05340653,-37.90957049],[145.05419696,-37.90573899],[145.06035102,-37.90649896],[145.06212802,-37.90663402],[145.0742074,-37.908145]]]},"properties":{"name":"Bentleigh East","geo_name":"Bentleigh East","region":"Inner South East","color":"#457b9d"}},{"type":"Feature","geometry":{"type":"Polygon","coordinates":[[[145.03440114,-37.93302807],[145.03439275,-37.93302712],[145.03171758,-37.93010765],[145.02718465,-37.92558951],[145.02245805,-37.92061192],[145.02553101,-37.92073598],[145.02605904,-37.9188615],[145.02341503,-37.918607],[145.02476903,-37.91080998],[145.026539,-37.91171103],[145.02853403,-37.91216902],[145.03011502,-37.91345599],[145.03222001,-37.91452798],[145.03300096,-37.91392603],[145.03727799,-37.914433],[145.03760601,-37.91265703],[145.04258697,-37.91328997],[145.04723205,-37.91453296],[145.05236403,-37.91511449],[145.05190813,-37.91815045],[145.05190618,-37.91977345],[145.05132276,-37.92109896],[145.04989519,-37.92865466],[145.04953133,-37.93169823],[145.05193594,-37.93202099],[145.05167711,-37.93342447],[145.04923958,-37.93308622],[145.04861191,-37.93472759],[145.03440114,-37.93302807]]]},"properties":{"name":"Bentleight","geo_name":"Bentleigh","region":"Inner South East","color":"#457b9d"}},{"type":"Feature","geometry":{"type":"Polygon","coordinates":[[[145.14559202,-38.32001496],[145.14555304,-38.29365898],[145.14556996,-38.28469396],[145.16312099,-38.28469798],[145.16695003,-38.28465202],[145.18390703,-38.284643],[145.18502101,-38.28454303],[145.18837504,-38.28535196],[145.18980696,-38.27230802],[145.21494796,-38.27227003],[145.21507002,-38.27235886],[145.22638344,-38.27234188],[145.22493672,-38.27421096],[145.22345047,-38.27670357],[145.22180774,-38.28068519],[145.22130298,-38.28300432],[145.2211404,-38.28629104],[145.22159014,-38.28927076],[145.22249106,-38.29213116],[145.22255069,-38.29320174],[145.22608557,-38.29356334],[145.22570616,-38.29421784],[145.22563004,-38.29874905],[145.22446917,-38.29980498],[145.22313289,-38.29982813],[145.22331465,-38.30133718],[145.22403643,-38.3013362],[145.22407297,-38.31521718],[145.22249906,-38.31522036],[145.2129126,-38.30927847],[145.2129069,-38.30461182],[145.20912913,-38.3038773],[145.20629369,-38.30392993],[145.20634254,-38.30135134],[145.20594269,-38.29962653],[145.2032984,-38.29756342],[145.20122994,-38.29678355],[145.1999971,-38.29702396],[145.19821235,-38.29818561],[145.19535271,-38.29947012],[145.19386031,-38.30265234],[145.19371745,-38.30404564],[145.19583261,-38.30757087],[145.197717,-38.30832157],[145.19821405,-38.31043307],[145.19993655,-38.31019821],[145.20051104,-38.31171013],[145.20007578,-38.31326242],[145.19866427,-38.31520613],[145.19744503,-38.31562262],[145.19605073,-38.31399607],[145.19501164,-38.31525617],[145.19560791,-38.31729391],[145.19776744,-38.32037272],[145.19804141,-38.32122193],[145.19674975,-38.3222509],[145.19582115,-38.32367104],[145.19469431,-38.32367486],[145.19336179,-38.32290521],[145.19151308,-38.32061597],[145.19114699,-38.31991204],[145.18970102,-38.319497],[145.18985842,-38.31782346],[145.18641429,-38.31805766],[145.18535122,-38.31715899],[145.18552602,-38.31606102],[145.18296457,-38.31580052],[145.17920769,-38.31638226],[145.17739522,-38.31621489],[145.17589922,-38.3166041],[145.17355341,-38.31662477],[145.17202507,-38.31707022],[145.17143582,-38.31801542],[145.16803516,-38.31875207],[145.16603601,-38.318875],[145.164461,-38.32025097],[145.16303697,-38.32001749],[145.14559202,-38.32001496]]]},"properties":{"name":"Hastings","geo_name":"Hastings","region":"Outer South East","color":"#ff595e"}},{"type":"Feature","geometry":{"type":"Polygon","coordinates":[[[145.05340653,-37.90957049],[145.05273602,-37.909629],[145.04338596,-37.90845999],[145.03897603,-37.90772398],[145.02582199,-37.90621496],[145.02637284,-37.90271051],[145.02598778,-37.90216533],[145.03487802,-37.90328698],[145.03613897,-37.89680801],[145.04047405,-37.89733898],[145.04096898,-37.89767897],[145.04514795,-37.89820104],[145.04468999,-37.90052402],[145.05468696,-37.90173398],[145.05419696,-37.90573899],[145.05340653,-37.90957049]]]},"properties":{"name":"Ormond","geo_name":"Ormond","region":"Inner South East","color":"#457b9d"}},{"type":"Feature","geometry":{"type":"Polygon","coordinates":[[[145.05868693,-37.82089911],[145.0640877,-37.82157388],[145.06688699,-37.82168541],[145.06889909,-37.82545237],[145.07095741,-37.82529457],[145.07214092,-37.82776945],[145.07164403,-37.82976352],[145.07359552,-37.82999672],[145.07318845,-37.83208478],[145.07271549,-37.83275623],[145.08200457,-37.8339441],[145.08310152,-37.83372961],[145.08567295,-37.83406432],[145.09172823,-37.83472165],[145.09380539,-37.83610213],[145.09718062,-37.83650639],[145.09815449,-37.83626829],[145.09553696,-37.85082702],[145.08247341,-37.8493971],[145.07824642,-37.84876123],[145.06960363,-37.84796172],[145.05496111,-37.84631573],[145.0533836,-37.84572439],[145.05402453,-37.84264616],[145.05487279,-37.83749067],[145.05478127,-37.83564047],[145.05553767,-37.83518559],[145.05580265,-37.83176796],[145.05633413,-37.83044017],[145.05735301,-37.82536948],[145.05791501,-37.821309],[145.05868693,-37.82089911]]]},"properties":{"name":"Camberwell","geo_name":"Camberwell","region":"Inner East","color":"#f4a261"}},{"type":"Feature","geometry":{"type":"Polygon","coordinates":[[[145.18423704,-37.76554296],[145.18594096,-37.76542297],[145.18626396,-37.76164067],[145.19247996,-37.7623282],[145.19237444,-37.76432785],[145.19604861,-37.76473615],[145.1959041,-37.76555305],[145.19870199,-37.76587296],[145.19927898,-37.76690796],[145.19991099,-37.76961296],[145.19894297,-37.77167504],[145.19504397,-37.77378099],[145.19386998,-37.774677],[145.1903757,-37.77595443],[145.19077058,-37.77806223],[145.19197828,-37.7787746],[145.19327209,-37.77854739],[145.19452861,-37.78091742],[145.19374096,-37.78228204],[145.19466602,-37.78336799],[145.19433296,-37.78402604],[145.19516902,-37.78545401],[145.196444,-37.78616102],[145.19933462,-37.78660953],[145.20037303,-37.78776351],[145.2015167,-37.78814899],[145.2020174,-37.78992633],[145.21313492,-37.79115519],[145.21501495,-37.78986189],[145.21634005,-37.7900137],[145.21651394,-37.78906573],[145.21853669,-37.78929825],[145.21841323,-37.789987],[145.22108666,-37.79029591],[145.22115999,-37.79244514],[145.22025098,-37.79257562],[145.2181837,-37.79098049],[145.21720624,-37.79088294],[145.21381845,-37.81070459],[145.21352612,-37.81177979],[145.21285313,-37.81073843],[145.21059646,-37.8083776],[145.20876203,-37.80889129],[145.20785317,-37.80804811],[145.20726334,-37.80638332],[145.20639827,-37.80704914],[145.20544218,-37.80672067],[145.20547443,-37.80562029],[145.19028624,-37.80555506],[145.18888201,-37.80358137],[145.18736536,-37.80262761],[145.18493894,-37.80132136],[145.18463869,-37.80268966],[145.18139491,-37.80385151],[145.17626939,-37.8038208],[145.17372667,-37.80403909],[145.17161041,-37.80294507],[145.16957551,-37.80296549],[145.16776063,-37.80249006],[145.16874897,-37.80194796],[145.16922601,-37.79949901],[145.16862778,-37.79943357],[145.16999107,-37.79262153],[145.17130276,-37.79173045],[145.17251351,-37.79184477],[145.17296201,-37.79034903],[145.17212679,-37.78944551],[145.17067332,-37.78931144],[145.17114501,-37.78608701],[145.17390513,-37.78579271],[145.17449971,-37.78179432],[145.17515504,-37.78121096],[145.1759094,-37.77636894],[145.177365,-37.77652843],[145.17754651,-37.77563263],[145.17607099,-37.77546905],[145.17638288,-37.77367669],[145.17995999,-37.77397401],[145.1802247,-37.77248018],[145.18188599,-37.77419801],[145.18323202,-37.77435303],[145.18388496,-37.77007403],[145.18217403,-37.76540302],[145.18423704,-37.76554296]]]},"properties":{"name":"Donvale","geo_name":"Donvale","region":"Outer North East","color":"#8ac926"}},{"type":"Feature","geometry":{"type":"Polygon","coordinates":[[[145.26571195,-37.94590605],[145.24412923,-37.94330061],[145.24387417,-37.94317813],[145.23324548,-37.94189048],[145.23374772,-37.94265749],[145.22919402,-37.95207558],[145.22697245,-37.95061189],[145.22579389,-37.94925497],[145.22603099,-37.94821573],[145.22505417,-37.94752915],[145.22431085,-37.94621853],[145.22358929,-37.94625414],[145.22235756,-37.94439952],[145.22244408,-37.94350455],[145.22100942,-37.943221],[145.22079619,-37.94219398],[145.2193805,-37.94169833],[145.21915775,-37.94014828],[145.21999944,-37.93968025],[145.21832693,-37.9367727],[145.21565321,-37.93716691],[145.21393121,-37.93577179],[145.21135194,-37.93574665],[145.20960759,-37.93414356],[145.20958758,-37.9328561],[145.20776314,-37.93233689],[145.20783246,-37.93167004],[145.20641427,-37.93116154],[145.2068159,-37.92818913],[145.20483207,-37.92606637],[145.20563741,-37.92439909],[145.20533307,-37.92273892],[145.20771388,-37.92181182],[145.20873294,-37.92239686],[145.21018678,-37.92168191],[145.21122893,-37.92010423],[145.21211979,-37.91790248],[145.21467389,-37.91750909],[145.21632358,-37.9185129],[145.21945933,-37.91811009],[145.22077868,-37.91771521],[145.2226254,-37.91606094],[145.22280318,-37.91410013],[145.22437313,-37.91405499],[145.22824984,-37.91116142],[145.22884756,-37.90953736],[145.22991728,-37.90971514],[145.23053123,-37.9089362],[145.23455373,-37.90680036],[145.2353757,-37.90601124],[145.237205,-37.905232],[145.24032004,-37.90478397],[145.24393005,-37.90468698],[145.24597504,-37.90431698],[145.24955403,-37.90504496],[145.26025102,-37.90380801],[145.26100202,-37.90274204],[145.2631781,-37.90226347],[145.27461701,-37.89974699],[145.28100395,-37.900461],[145.279712,-37.90371201],[145.28154082,-37.90530184],[145.27408198,-37.91148898],[145.2724164,-37.91329607],[145.27180979,-37.91458462],[145.27005502,-37.92337302],[145.26814305,-37.92569699],[145.26637403,-37.926922],[145.26515103,-37.92879502],[145.269028,-37.92926497],[145.26881658,-37.92974439],[145.26571195,-37.94590605]]]},"properties":{"name":"Rowville","geo_name":"Rowville","region":"Outer East","color":"#6a4c93"}},{"type":"Feature","geometry":{"type":"Polygon","coordinates":[[[144.90275051,-37.84707131],[144.89873217,-37.8427892],[144.8978728,-37.84132776],[144.89709277,-37.83825368],[144.89698127,-37.83463487],[144.89726166,-37.83249418],[144.89784682,-37.830604],[144.89933074,-37.82843635],[144.90082974,-37.82681005],[144.90547544,-37.8228786],[144.90553409,-37.82282063],[144.90785897,-37.82173002],[144.91411201,-37.81994998],[144.91639702,-37.81945697],[144.92005602,-37.81896702],[144.92061896,-37.82081101],[144.92474402,-37.82076297],[144.92854686,-37.82117701],[144.93786829,-37.82304001],[144.9376943,-37.82365925],[144.94034236,-37.82594733],[144.94975598,-37.83409801],[144.94649502,-37.84099202],[144.94557403,-37.84304497],[144.94262033,-37.8462398],[144.93989528,-37.84526549],[144.93902942,-37.84434867],[144.93759573,-37.84372414],[144.93513034,-37.84208806],[144.93252211,-37.84178983],[144.93069898,-37.84077596],[144.92535151,-37.83981289],[144.92425507,-37.84014903],[144.92273998,-37.83967085],[144.91851358,-37.83969309],[144.91659811,-37.84030307],[144.91410084,-37.84149628],[144.91327016,-37.84225318],[144.91414154,-37.84356423],[144.91428579,-37.84470975],[144.91252136,-37.84586502],[144.91446046,-37.84844786],[144.91259882,-37.84948038],[144.91193792,-37.84899988],[144.90882277,-37.84485977],[144.90824853,-37.84452557],[144.9061363,-37.84059138],[144.9051961,-37.84025703],[144.90315457,-37.84143187],[144.90632584,-37.84687572],[144.90544431,-37.84748756],[144.90726879,-37.8494569],[144.90621016,-37.84963174],[144.90275051,-37.84707131]]]},"properties":{"name":"Port Melbourne","geo_name":"Port Melbourne","region":"Inner City","color":"#e63946"}},{"type":"Feature","geometry":{"type":"Polygon","coordinates":[[[145.20998228,-37.84718769],[145.20730241,-37.84634167],[145.205394,-37.84663279],[145.20258122,-37.8463668],[145.19891504,-37.84652801],[145.19909403,-37.84578101],[145.19259103,-37.84619097],[145.18636399,-37.846331],[145.18226404,-37.84583699],[145.18386004,-37.837784],[145.18487502,-37.83791002],[145.18517598,-37.83627003],[145.18425112,-37.83563501],[145.18428471,-37.8321738],[145.18535978,-37.83145635],[145.18911762,-37.83178075],[145.18879478,-37.83089632],[145.19108215,-37.83054813],[145.19302122,-37.83064859],[145.19896501,-37.83052801],[145.20051501,-37.83089996],[145.20293805,-37.83056196],[145.20877999,-37.83061097],[145.21222722,-37.83027342],[145.21334708,-37.83092058],[145.21334613,-37.83238797],[145.21570599,-37.832386],[145.21600489,-37.83452084],[145.21660938,-37.83541161],[145.21661297,-37.83818587],[145.21455987,-37.83941366],[145.21251178,-37.84210185],[145.21203012,-37.8435051],[145.21013003,-37.84603195],[145.20998228,-37.84718769]]]},"properties":{"name":"Vermont","geo_name":"Vermont","region":"Inner East","color":"#f4a261"}},{"type":"Feature","geometry":{"type":"Polygon","coordinates":[[[144.92695647,-37.75107305],[144.92731834,-37.74950393],[144.92828439,-37.74893601],[144.92912455,-37.74733665],[144.928404,-37.74588947],[144.92941086,-37.74536987],[144.93283252,-37.74546757],[144.93466516,-37.74408932],[144.93347291,-37.74252309],[144.93185621,-37.742289],[144.93012505,-37.74034157],[144.92995347,-37.73826783],[144.92876495,-37.7374408],[144.9282482,-37.7348084],[144.92578051,-37.73325374],[144.92939999,-37.73370499],[144.93120201,-37.73338102],[144.93740908,-37.7341077],[144.94484278,-37.73517657],[144.94959243,-37.73567827],[144.94907302,-37.73911097],[144.94722776,-37.7398264],[144.94609749,-37.74633137],[144.94715228,-37.74743758],[144.94687753,-37.74998162],[144.94624596,-37.75333598],[144.92695647,-37.75107305]]]},"properties":{"name":"Pasco Vale South","geo_name":"Pascoe Vale South","region":"Outer North","color":"#1982c4"}},{"type":"Feature","geometry":{"type":"Polygon","coordinates":[[[144.70430991,-37.90035955],[144.70411599,-37.90031698],[144.69437598,-37.90701401],[144.69282597,-37.90781203],[144.65743801,-37.91983402],[144.63251903,-37.92833997],[144.62740598,-37.92973301],[144.622123,-37.93324002],[144.60014703,-37.94527203],[144.59732096,-37.941912],[144.57896803,-37.93976501],[144.58040397,-37.93143296],[144.58220403,-37.93073699],[144.58163,-37.92979004],[144.590884,-37.92622699],[144.58775704,-37.92572703],[144.5929804,-37.89756109],[144.62951648,-37.90180702],[144.63082489,-37.9008699],[144.63139402,-37.89867502],[144.63188,-37.89808802],[144.63163596,-37.89484597],[144.63266401,-37.88975099],[144.63363702,-37.88807402],[144.634764,-37.88705096],[144.64254997,-37.88791401],[144.64135602,-37.88600902],[144.64041903,-37.883757],[144.64132396,-37.88129099],[144.64253703,-37.880084],[144.64226998,-37.87881301],[144.64452601,-37.87879702],[144.64633796,-37.87967899],[144.64834704,-37.87995304],[144.64921997,-37.87968003],[144.65230101,-37.87679998],[144.65233795,-37.87537399],[144.65145795,-37.87486803],[144.65205901,-37.87360502],[144.65059698,-37.87108799],[144.65094866,-37.87036433],[144.6651242,-37.87168417],[144.66445195,-37.87559902],[144.68266496,-37.87761099],[144.68289098,-37.87759301],[144.68051696,-37.89162002],[144.70744404,-37.88063299],[144.71172796,-37.87907395],[144.71888696,-37.87724403],[144.718944,-37.8779633],[144.71253607,-37.87972362],[144.71026413,-37.88120131],[144.70901691,-37.88342178],[144.70916396,-37.88579737],[144.71011051,-37.88966788],[144.70986853,-37.89162361],[144.70786146,-37.89710976],[144.70624973,-37.89901183],[144.70430991,-37.90035955]]]},"properties":{"name":"Warribee","geo_name":"Werribee","region":"Outer West","color":"#6a994e"}},{"type":"Feature","geometry":{"type":"Polygon","coordinates":[[[144.90262478,-37.78966221],[144.90281366,-37.78901127],[144.90354587,-37.7875791],[144.90411157,-37.78544455],[144.90362228,-37.78417767],[144.90154502,-37.78262131],[144.89962529,-37.78165473],[144.89763451,-37.78025401],[144.89710243,-37.77908238],[144.89671158,-37.77635077],[144.89610064,-37.77493602],[144.89605074,-37.77267631],[144.89742613,-37.77137533],[144.89968997,-37.77030022],[144.90102054,-37.77003292],[144.916178,-37.77173703],[144.92644097,-37.772824],[144.927445,-37.77258597],[144.9344177,-37.77332409],[144.93657347,-37.77381661],[144.93649719,-37.77572828],[144.93707974,-37.77778693],[144.93007303,-37.77703294],[144.92990398,-37.77776802],[144.93232572,-37.78091308],[144.93040599,-37.78153179],[144.92936294,-37.78096683],[144.92767596,-37.78084418],[144.92518202,-37.78020096],[144.92445782,-37.7808383],[144.92259101,-37.78035603],[144.92203496,-37.78369601],[144.91763229,-37.78363357],[144.91358583,-37.77939023],[144.90827822,-37.7825039],[144.90675482,-37.78508284],[144.9063347,-37.78739923],[144.90496474,-37.78715465],[144.90425087,-37.78871821],[144.90262478,-37.78966221]]]},"properties":{"name":"Ascot Vale","geo_name":"Ascot Vale","region":"Inner West","color":"#a8dadc"}},{"type":"Feature","geometry":{"type":"Polygon","coordinates":[[[144.96020595,-37.77804267],[144.96147274,-37.77819557],[144.96277209,-37.77955257],[144.96306903,-37.78169563],[144.96400732,-37.78237767],[144.96358697,-37.78500434],[144.96951737,-37.78561981],[144.97054859,-37.77915274],[144.9781361,-37.78007342],[144.97574003,-37.79291299],[144.97571555,-37.79304708],[144.96838981,-37.79226018],[144.96664404,-37.79318003],[144.96520695,-37.793148],[144.96270397,-37.79203101],[144.96156199,-37.79189601],[144.96003597,-37.79107104],[144.95888504,-37.78895502],[144.96020595,-37.77804267]]]},"properties":{"name":"Carlton North","geo_name":"Carlton North","region":"Inner North","color":"#2a9d8f"}},{"type":"Feature","geometry":{"type":"Polygon","coordinates":[[[144.80839435,-37.88199554],[144.80764761,-37.88460037],[144.80726001,-37.88802592],[144.80764467,-37.88933878],[144.80613011,-37.89123037],[144.80700352,-37.8913641],[144.80396351,-37.8944069],[144.80196433,-37.8946195],[144.80106531,-37.89516612],[144.79969813,-37.89731215],[144.79965033,-37.89869381],[144.79687431,-37.89955186],[144.79360064,-37.89872214],[144.79166942,-37.89844729],[144.78913129,-37.89871846],[144.78652006,-37.90001576],[144.78269698,-37.89986663],[144.7803284,-37.89872471],[144.78051957,-37.894048],[144.77957388,-37.89310981],[144.77763163,-37.8921256],[144.77683216,-37.89116001],[144.77566299,-37.88818806],[144.77418681,-37.88683281],[144.77328306,-37.88525669],[144.77185107,-37.88490669],[144.77018397,-37.88400294],[144.76815349,-37.88494494],[144.76667314,-37.88394192],[144.76493633,-37.88196178],[144.76471756,-37.88076804],[144.76557599,-37.87769596],[144.76500704,-37.87545096],[144.76328501,-37.87316],[144.76235,-37.873137],[144.76029698,-37.87445901],[144.7580095,-37.87401891],[144.7563738,-37.87420592],[144.75363418,-37.87601025],[144.75481309,-37.86945701],[144.76951098,-37.86807803],[144.77265297,-37.867361],[144.77459699,-37.86630501],[144.77570902,-37.86513596],[144.77672083,-37.86327221],[144.777726,-37.85904304],[144.77814397,-37.85935302],[144.77962301,-37.86240996],[144.78921403,-37.85995899],[144.78951056,-37.860001],[144.79080817,-37.86441264],[144.7903739,-37.86561341],[144.79158104,-37.87035456],[144.78875545,-37.87003269],[144.78806096,-37.873905],[144.79318199,-37.87506004],[144.79759404,-37.87568201],[144.79834318,-37.87886062],[144.80030047,-37.87991523],[144.80520786,-37.88047912],[144.80839435,-37.88199554]]]},"properties":{"name":"Altona Meadows","geo_name":"Altona Meadows","region":"Outer West","color":"#6a994e"}},{"type":"Feature","geometry":{"type":"Polygon","coordinates":[[[145.13566087,-37.74089035],[145.13415002,-37.73822874],[145.13471446,-37.73486769],[145.13664889,-37.73270359],[145.13423101,-37.73189296],[145.13494557,-37.72944239],[145.13469703,-37.72872973],[145.13575416,-37.72716375],[145.13514707,-37.72692292],[145.13580434,-37.72329597],[145.13653002,-37.72103501],[145.13712083,-37.71657626],[145.1352356,-37.7152777],[145.13361986,-37.71333223],[145.13256021,-37.70969586],[145.13160586,-37.70770883],[145.14698097,-37.70940197],[145.14577996,-37.7081745],[145.14670484,-37.70634067],[145.1486336,-37.70632301],[145.14949499,-37.70580004],[145.1490441,-37.70455759],[145.15026683,-37.70338283],[145.15312803,-37.70314797],[145.15266003,-37.69994094],[145.15437438,-37.69975847],[145.15403216,-37.69874295],[145.15296582,-37.6979182],[145.15198655,-37.6984147],[145.15086138,-37.69740878],[145.15159585,-37.69615288],[145.15115828,-37.69515487],[145.15201736,-37.69364262],[145.15116757,-37.69246915],[145.15284621,-37.69031376],[145.15418359,-37.6900302],[145.15550404,-37.68839803],[145.16462098,-37.68955696],[145.16409432,-37.69109993],[145.16485368,-37.69188944],[145.16623094,-37.69170075],[145.1681303,-37.69279146],[145.16900215,-37.69469917],[145.17021033,-37.69412031],[145.17228281,-37.69423496],[145.17323292,-37.69470691],[145.173588,-37.69569903],[145.17705996,-37.69806798],[145.176928,-37.69961798],[145.17468898,-37.712127],[145.17379404,-37.719561],[145.17298396,-37.72385304],[145.17406402,-37.72398096],[145.176228,-37.723081],[145.17749398,-37.72349398],[145.17766998,-37.72440197],[145.17910696,-37.72429001],[145.18039002,-37.72340303],[145.18286204,-37.724009],[145.18705097,-37.72279702],[145.18961298,-37.720777],[145.19181104,-37.721138],[145.19132801,-37.72364204],[145.19073784,-37.7261555],[145.18917997,-37.72596773],[145.18882913,-37.72771607],[145.19056395,-37.72745097],[145.19278199,-37.72774495],[145.19498261,-37.72740525],[145.19424502,-37.73100399],[145.19379961,-37.73180891],[145.19279842,-37.73158977],[145.19049491,-37.73227357],[145.1891648,-37.73188851],[145.18817724,-37.73040788],[145.18652608,-37.73038468],[145.18440422,-37.73080432],[145.18329801,-37.73012117],[145.18147066,-37.72980866],[145.18084353,-37.7304377],[145.18045224,-37.73205113],[145.17847574,-37.73357504],[145.17877703,-37.73519223],[145.17969879,-37.73668122],[145.17974265,-37.7375157],[145.17771385,-37.73841907],[145.17684822,-37.73812204],[145.17666081,-37.73574457],[145.17572386,-37.7349314],[145.17484227,-37.73522201],[145.17077857,-37.73471085],[145.17001504,-37.73496091],[145.16611211,-37.73429486],[145.16481381,-37.73431752],[145.16372614,-37.73540652],[145.16248527,-37.73779301],[145.16122976,-37.73746141],[145.15820285,-37.73548968],[145.15536901,-37.73395367],[145.15355171,-37.73427192],[145.15107786,-37.73633966],[145.15012731,-37.73835324],[145.14842426,-37.73722857],[145.14596901,-37.73844224],[145.14236183,-37.73894365],[145.13863922,-37.73831038],[145.13760249,-37.73841674],[145.13665185,-37.74037575],[145.13566087,-37.74089035]]]},"properties":{"name":"Eltham","geo_name":"Eltham","region":"Outer North East","color":"#8ac926"}},{"type":"Feature","geometry":{"type":"Polygon","coordinates":[[[144.98489351,-37.72755715],[144.98583198,-37.72143301],[144.98181863,-37.72106032],[144.98142898,-37.72171036],[144.97860955,-37.72142541],[144.97818741,-37.72036646],[144.97870204,-37.71924973],[144.97877544,-37.71832301],[144.97811497,-37.71683668],[144.98045807,-37.71614423],[144.98053143,-37.7143408],[144.97761183,-37.71401813],[144.97702763,-37.71345377],[144.97884542,-37.71276369],[144.9788659,-37.71149729],[144.97713652,-37.71028095],[144.97874095,-37.70805111],[144.98046801,-37.70772148],[144.98056424,-37.70677581],[144.97848437,-37.70482208],[144.98028907,-37.70388936],[144.98189511,-37.70390536],[144.98244361,-37.70272371],[144.98093937,-37.70107808],[144.97982774,-37.70101781],[144.97943588,-37.69987668],[144.98068632,-37.69819607],[144.9805084,-37.69760677],[144.97865143,-37.69710458],[144.97832769,-37.69610706],[144.97873705,-37.69435325],[144.97735197,-37.69400275],[144.9757764,-37.69491755],[144.97406637,-37.69369998],[144.97362172,-37.69296137],[144.97059883,-37.69275719],[144.97039193,-37.69199723],[144.97213135,-37.69100486],[144.98212733,-37.69191816],[145.01140202,-37.69485155],[145.02267914,-37.69614783],[145.0228352,-37.69629871],[145.03246301,-37.69734382],[145.04080584,-37.69827356],[145.04069441,-37.69897845],[145.03773035,-37.69883788],[145.03622743,-37.69992209],[145.03480101,-37.70203396],[145.03607925,-37.70332398],[145.03500704,-37.70358201],[145.03507871,-37.70561108],[145.03369822,-37.70632672],[145.03411451,-37.70777622],[145.03541293,-37.70897038],[145.03502087,-37.71054239],[145.03401664,-37.71204262],[145.03290441,-37.71148896],[145.03105082,-37.711351],[145.02964967,-37.71195878],[145.02700002,-37.71174661],[145.02551468,-37.7124103],[145.02571603,-37.71385402],[145.02346203,-37.71452597],[145.02199297,-37.71563597],[145.02512533,-37.71598676],[145.03166104,-37.72196897],[145.03466396,-37.72084101],[145.03488701,-37.72316393],[145.03613665,-37.72342036],[145.03728571,-37.72493623],[145.03860123,-37.7273238],[145.04026731,-37.72929948],[145.04051904,-37.73010306],[145.0381282,-37.73028451],[145.04022422,-37.7321632],[145.03840022,-37.73367198],[145.03785108,-37.73291491],[145.03555335,-37.73264329],[145.03325313,-37.73280737],[145.03136404,-37.73214932],[145.03121099,-37.73295103],[145.02894101,-37.73229236],[145.02022807,-37.73126527],[145.01417703,-37.7307597],[145.00596323,-37.72977545],[145.00466458,-37.73038913],[145.00060902,-37.72987302],[144.99099398,-37.72885903],[144.99107144,-37.728418],[144.98775499,-37.72809196],[144.98489351,-37.72755715]]]},"properties":{"name":"Reservoir","geo_name":"Reservoir","region":"Outer North","color":"#1982c4"}},{"type":"Feature","geometry":{"type":"Polygon","coordinates":[[[144.97318807,-37.80792296],[144.971363,-37.80772797],[144.97093604,-37.80751798],[144.959936,-37.80633899],[144.96009004,-37.80544499],[144.95847108,-37.80192906],[144.95882993,-37.79986102],[144.96397501,-37.80042603],[144.96520695,-37.793148],[144.96664404,-37.79318003],[144.96838981,-37.79226018],[144.97571555,-37.79304708],[144.97318807,-37.80792296]]]},"properties":{"name":"Carlton","geo_name":"Carlton","region":"Inner North","color":"#2a9d8f"}},{"type":"Feature","geometry":{"type":"Polygon","coordinates":[[[144.9719506,-38.32799608],[144.98924901,-38.32991504],[144.99243396,-38.32787803],[144.99775297,-38.32538999],[145.003976,-38.32265998],[145.00599998,-38.32149501],[145.010426,-38.31844902],[145.01319899,-38.31599497],[145.01846498,-38.310401],[145.02089402,-38.30813501],[145.02315697,-38.30633996],[145.02688902,-38.30422598],[145.03812395,-38.30548903],[145.03950803,-38.30571796],[145.06466204,-38.30871998],[145.05922999,-38.337618],[145.05889898,-38.33780397],[145.04041605,-38.33573704],[145.02791897,-38.334305],[145.02552752,-38.34605336],[145.01354248,-38.34453333],[145.01323057,-38.34607162],[145.0108075,-38.34645683],[145.00893579,-38.34561463],[145.00678704,-38.34536498],[145.00578602,-38.34728999],[145.00727597,-38.34836302],[145.00387764,-38.34935005],[145.0039047,-38.35031883],[145.0014155,-38.3500056],[144.99915201,-38.35100903],[144.99945804,-38.35433001],[144.99721004,-38.35531696],[144.99699904,-38.35718998],[144.99573397,-38.35802496],[144.99530797,-38.35930203],[144.98465402,-38.35812101],[144.98443805,-38.35927002],[144.97556497,-38.35825897],[144.96758101,-38.35734799],[144.96848882,-38.34729057],[144.96193747,-38.34652607],[144.96064304,-38.34724542],[144.95993337,-38.34862555],[144.95558078,-38.3482081],[144.95430682,-38.34851638],[144.95243824,-38.34829745],[144.95188597,-38.34779703],[144.95270196,-38.34359804],[144.94981103,-38.34483403],[144.94455502,-38.347345],[144.94416404,-38.34793501],[144.94304601,-38.346688],[144.94070524,-38.34625412],[144.93987036,-38.34576352],[144.938667,-38.3440504],[144.93724916,-38.34293212],[144.94264435,-38.34091429],[144.94668095,-38.33927019],[144.94982489,-38.33841107],[144.95144733,-38.33746738],[144.95363885,-38.33693443],[144.95519182,-38.33587501],[144.95907643,-38.33445668],[144.9631216,-38.3324689],[144.96518818,-38.33118962],[144.96848435,-38.3301796],[144.9719506,-38.32799608]]]},"properties":{"name":"Dromana","geo_name":"Dromana","region":"Outer South East","color":"#ff595e"}},{"type":"Feature","geometry":{"type":"Polygon","coordinates":[[[145.07945399,-37.70205898],[145.08982702,-37.70316803],[145.08871301,-37.70574501],[145.08730203,-37.70804199],[145.08947695,-37.70855102],[145.08956297,-37.71056296],[145.09143504,-37.71076097],[145.09293803,-37.71137403],[145.09402901,-37.70897504],[145.09558074,-37.70917901],[145.09529602,-37.71032803],[145.09363825,-37.71218087],[145.09297479,-37.7139454],[145.09334603,-37.71442204],[145.09282997,-37.716085],[145.09105272,-37.71810036],[145.08160204,-37.71705103],[145.07843889,-37.71698745],[145.07759067,-37.71653331],[145.07544374,-37.71655612],[145.07451398,-37.71620796],[145.07539983,-37.71105071],[145.07457142,-37.7109597],[145.07494867,-37.70878914],[145.07587798,-37.70774481],[145.07690501,-37.70180397],[145.07945399,-37.70205898]]]},"properties":{"name":"Watsonia","geo_name":"Watsonia","region":"Outer North East","color":"#8ac926"}},{"type":"Feature","geometry":{"type":"Polygon","coordinates":[[[145.11490596,-37.71170202],[145.112964,-37.70915204],[145.11074202,-37.70713301],[145.11256497,-37.70555001],[145.11660897,-37.70610098],[145.11566003,-37.701829],[145.11475699,-37.69988798],[145.12019199,-37.70028798],[145.12210097,-37.70080298],[145.12356597,-37.70230202],[145.12514296,-37.70278501],[145.12610904,-37.70382097],[145.1281434,-37.70472739],[145.13035755,-37.70592594],[145.13160586,-37.70770883],[145.13256021,-37.70969586],[145.1301991,-37.70951409],[145.12911902,-37.710388],[145.12838281,-37.70983427],[145.12521,-37.70959002],[145.12452399,-37.70897397],[145.1217932,-37.70924417],[145.1205908,-37.70896843],[145.11895468,-37.71097555],[145.11559055,-37.71200469],[145.11490596,-37.71170202]]]},"properties":{"name":"Briar Hill","geo_name":"Briar Hill","region":"Outer East","color":"#6a4c93"}},{"type":"Feature","geometry":{"type":"Polygon","coordinates":[[[145.05169597,-37.98682318],[145.0541687,-37.97348737],[145.06510205,-37.97479396],[145.06429305,-37.97380397],[145.07502396,-37.975117],[145.07505499,-37.97493199],[145.08624405,-37.97625104],[145.09148346,-37.97698982],[145.09079745,-37.98060723],[145.09344465,-37.98092958],[145.09311277,-37.98269851],[145.09328288,-37.98421803],[145.09524496,-37.98490404],[145.094263,-37.98478398],[145.079895,-37.983049],[145.07882604,-37.98697902],[145.07550999,-37.98353196],[145.07440104,-37.98268697],[145.07134803,-37.98218499],[145.06906901,-37.99422797],[145.06882173,-37.99498811],[145.06557432,-37.99280661],[145.06165024,-37.99054718],[145.05778922,-37.98866202],[145.05527786,-37.98767505],[145.05169597,-37.98682318]]]},"properties":{"name":"Mentone","geo_name":"Mentone","region":"Outer South East","color":"#ff595e"}},{"type":"Feature","geometry":{"type":"Polygon","coordinates":[[[144.76667314,-37.88394192],[144.76332448,-37.88358844],[144.76238572,-37.88864887],[144.75584792,-37.8879621],[144.75599979,-37.88714112],[144.75171251,-37.88666395],[144.75246021,-37.88252064],[144.75143238,-37.88240421],[144.75238559,-37.87646364],[144.75363418,-37.87601025],[144.7563738,-37.87420592],[144.7580095,-37.87401891],[144.76029698,-37.87445901],[144.76235,-37.873137],[144.76328501,-37.87316],[144.76500704,-37.87545096],[144.76557599,-37.87769596],[144.76471756,-37.88076804],[144.76493633,-37.88196178],[144.76667314,-37.88394192]]]},"properties":{"name":"Seabrook","geo_name":"Seabrook","region":"Outer West","color":"#6a994e"}},{"type":"Feature","geometry":{"type":"Polygon","coordinates":[[[144.96764602,-37.83738499],[144.96314496,-37.83923802],[144.96118497,-37.84048602],[144.95920298,-37.84216896],[144.95690804,-37.83723696],[144.95641774,-37.83709244],[144.95272215,-37.83818643],[144.95161155,-37.83876057],[144.95152799,-37.84002897],[144.94860101,-37.84072699],[144.94649502,-37.84099202],[144.94975598,-37.83409801],[144.94034236,-37.82594733],[144.94282308,-37.82605304],[144.94693968,-37.82680706],[144.94717096,-37.827599],[144.94959296,-37.83016902],[144.95276397,-37.82822897],[144.95406796,-37.83107903],[144.96278601,-37.82858103],[144.96584503,-37.8314822],[144.97041009,-37.83015933],[144.969673,-37.83101104],[144.97021622,-37.832734],[144.97160704,-37.83233496],[144.97169095,-37.834262],[144.96957895,-37.83651898],[144.96764602,-37.83738499]]]},"properties":{"name":"South Melbourne","geo_name":"South Melbourne","region":"Inner City","color":"#e63946"}},{"type":"Feature","geometry":{"type":"Polygon","coordinates":[[[144.872339,-37.72994899],[144.87368904,-37.73215799],[144.87362797,-37.733449],[144.87430296,-37.73467202],[144.87555104,-37.73465903],[144.87640404,-37.73525996],[144.87644799,-37.73698299],[144.879779,-37.73786099],[144.88064241,-37.73892361],[144.88236564,-37.74349193],[144.88164424,-37.74539044],[144.88072101,-37.7460861],[144.88044627,-37.7472596],[144.88149999,-37.74788204],[144.88050902,-37.75104101],[144.87970705,-37.75284496],[144.85776102,-37.75039702],[144.85588099,-37.75065897],[144.84768335,-37.74976386],[144.84671527,-37.74789866],[144.84515801,-37.74661801],[144.84397998,-37.74661898],[144.84026399,-37.74745497],[144.83918303,-37.74615197],[144.83841404,-37.742667],[144.83713206,-37.74136257],[144.83438397,-37.74166002],[144.83308401,-37.74117302],[144.83296604,-37.740123],[144.833855,-37.73881598],[144.83476002,-37.73852701],[144.83711796,-37.736767],[144.83743004,-37.73531899],[144.83655299,-37.73438199],[144.83329,-37.73487902],[144.83153296,-37.734762],[144.82978861,-37.73418492],[144.82866104,-37.73262],[144.82957999,-37.73152503],[144.8301788,-37.72848142],[144.83048399,-37.72533497],[144.83152804,-37.72481297],[144.83482796,-37.72611998],[144.83687002,-37.72785504],[144.84180801,-37.72883702],[144.842789,-37.73254002],[144.84546604,-37.73371496],[144.84775045,-37.73340142],[144.84819889,-37.73244666],[144.84777504,-37.72901004],[144.84658497,-37.72759897],[144.84495998,-37.72690497],[144.84333896,-37.72745203],[144.84060599,-37.72741604],[144.83830299,-37.72645399],[144.83878401,-37.72467598],[144.84003903,-37.72422201],[144.84067399,-37.72328103],[144.84003295,-37.72261499],[144.83980402,-37.72094233],[144.84034474,-37.72061876],[144.84297399,-37.72316702],[144.84700298,-37.72549299],[144.84989199,-37.72639402],[144.85434901,-37.726484],[144.86383093,-37.72821095],[144.872339,-37.72994899]]]},"properties":{"name":"Keilor East","geo_name":"Keilor East","region":"Inner West","color":"#a8dadc"}},{"type":"Feature","geometry":{"type":"Polygon","coordinates":[[[145.04645001,-37.81583198],[145.01539139,-37.81214291],[145.01534788,-37.81050264],[145.0118749,-37.81060437],[145.00945649,-37.81045144],[145.00895371,-37.80794806],[145.00777247,-37.80729827],[145.00070257,-37.80722292],[144.99934374,-37.80558084],[145.00037448,-37.8042001],[145.0018293,-37.80431518],[145.00439639,-37.80532599],[145.00736249,-37.80425334],[145.00740191,-37.80308238],[145.00245844,-37.79953393],[145.00004747,-37.79829591],[144.99943547,-37.79705589],[145.00167043,-37.79709186],[145.00195097,-37.79668619],[145.00260829,-37.79590231],[145.00401505,-37.79621853],[145.0042024,-37.79780446],[145.00489021,-37.79811112],[145.00795452,-37.79639874],[145.00921224,-37.79635327],[145.00887899,-37.79755673],[145.00707408,-37.79841421],[145.00652051,-37.79923526],[145.00669497,-37.80072256],[145.00756098,-37.80088494],[145.00996741,-37.79983277],[145.01098741,-37.79906234],[145.01412171,-37.79968696],[145.01508957,-37.80058214],[145.01587065,-37.80266234],[145.01930912,-37.80366818],[145.02105293,-37.80255523],[145.01856155,-37.80047392],[145.01884519,-37.79979569],[145.02087155,-37.79879634],[145.02060784,-37.79819924],[145.01762876,-37.79729969],[145.01765688,-37.79541737],[145.01600739,-37.79502639],[145.0140096,-37.79399791],[145.01392161,-37.7923867],[145.01495842,-37.79214824],[145.01913692,-37.79286334],[145.01959332,-37.79228294],[145.01814076,-37.79082691],[145.01643818,-37.78863861],[145.01336788,-37.78633987],[145.0136508,-37.78557205],[145.01687141,-37.78597385],[145.01973704,-37.78655404],[145.02132639,-37.78696304],[145.02235869,-37.78655132],[145.02452873,-37.7865228],[145.0264619,-37.78697473],[145.02825055,-37.78688147],[145.02956876,-37.7885493],[145.03189344,-37.78993326],[145.03604258,-37.78976353],[145.04032804,-37.78978061],[145.04116197,-37.79116103],[145.03718496,-37.79497598],[145.04120202,-37.796264],[145.04098801,-37.79674004],[145.04627495,-37.79839003],[145.04590374,-37.80051212],[145.04642403,-37.80114904],[145.05060102,-37.79933696],[145.06252026,-37.8007927],[145.06135741,-37.80687844],[145.05972703,-37.81542098],[145.05935595,-37.81737278],[145.04645001,-37.81583198]]]},"properties":{"name":"Kew","geo_name":"Kew","region":"Inner East","color":"#f4a261"}},{"type":"Feature","geometry":{"type":"Polygon","coordinates":[[[144.77624601,-37.62317804],[144.77098498,-37.62482601],[144.76977498,-37.62474899],[144.76903746,-37.62405886],[144.77015203,-37.62275196],[144.77028306,-37.62159939],[144.76931396,-37.62133201],[144.76752564,-37.62222541],[144.76440008,-37.62281919],[144.76288403,-37.62256098],[144.76137298,-37.62170196],[144.75850399,-37.61898298],[144.75621103,-37.61905101],[144.75535396,-37.62095903],[144.75451202,-37.62147197],[144.75169202,-37.62139302],[144.75144197,-37.62081198],[144.75190098,-37.61825896],[144.75170096,-37.61680501],[144.748462,-37.61871296],[144.709505,-37.61422006],[144.70877858,-37.61325312],[144.70383611,-37.60808926],[144.6957697,-37.59839442],[144.69510877,-37.5980723],[144.6925718,-37.59492336],[144.68793055,-37.58869256],[144.68526749,-37.58417659],[144.681732,-37.5795786],[144.67689157,-37.57353902],[144.67423668,-37.56984979],[144.67237956,-37.56779468],[144.66837071,-37.56325172],[144.66474887,-37.55938401],[144.66304807,-37.55790512],[144.65952925,-37.55583766],[144.65671888,-37.55325753],[144.64996039,-37.54445132],[144.64859095,-37.54285237],[144.64630165,-37.54109757],[144.64188488,-37.53859521],[144.63361751,-37.53080586],[144.63248154,-37.52983611],[144.63414757,-37.52091374],[144.63546021,-37.51298604],[144.63677027,-37.50671255],[144.63805194,-37.49950196],[144.64436811,-37.49546807],[144.64559076,-37.4955455],[144.64778576,-37.4964539],[144.65016711,-37.49608814],[144.65144892,-37.49686689],[144.6512224,-37.49793014],[144.65293912,-37.49921714],[144.6537799,-37.4985092],[144.65527082,-37.49957565],[144.65626399,-37.49978522],[144.65992123,-37.49832744],[144.66132895,-37.49909999],[144.66196467,-37.49884412],[144.66415498,-37.49921344],[144.66556412,-37.50147306],[144.6665461,-37.50229347],[144.66808634,-37.50015985],[144.67104266,-37.49924017],[144.67374266,-37.50053769],[144.67514582,-37.49889229],[144.67783889,-37.49946167],[144.68094227,-37.49870064],[144.6807877,-37.49725113],[144.67975873,-37.49637186],[144.67797892,-37.49654627],[144.67799974,-37.49481086],[144.67904052,-37.49386539],[144.68106246,-37.49347211],[144.68367366,-37.49261317],[144.68437045,-37.49555439],[144.68580881,-37.49502587],[144.68659438,-37.4929166],[144.68860301,-37.49326788],[144.68813826,-37.49194607],[144.68822707,-37.48967606],[144.69197352,-37.48662797],[144.69256346,-37.48743092],[144.69205915,-37.48841501],[144.69352885,-37.48931014],[144.69737915,-37.48924155],[144.69767729,-37.48818181],[144.69658379,-37.4871367],[144.69608938,-37.48548764],[144.69697707,-37.48484051],[144.69986905,-37.48458015],[144.70044801,-37.48218747],[144.70138725,-37.48239331],[144.7016174,-37.48503277],[144.70278171,-37.48487604],[144.70408914,-37.48288536],[144.70510344,-37.48228094],[144.70967877,-37.48195785],[144.71204745,-37.48260138],[144.71318849,-37.48341058],[144.7134343,-37.48464367],[144.71189575,-37.48598601],[144.71194719,-37.48730638],[144.71298301,-37.48773055],[144.71514542,-37.48662267],[144.71692062,-37.48770345],[144.71833948,-37.48757332],[144.71907158,-37.48481274],[144.71980482,-37.48341634],[144.72056392,-37.48320214],[144.72247047,-37.4840502],[144.72619542,-37.48654236],[144.72920361,-37.48715348],[144.73187673,-37.48716298],[144.73489845,-37.49116655],[144.73704562,-37.49281069],[144.73979013,-37.49362069],[144.74071717,-37.49310366],[144.74045792,-37.49201797],[144.73925122,-37.4899699],[144.73952537,-37.48917919],[144.74072357,-37.48908209],[144.74572752,-37.49201053],[144.74630182,-37.49394137],[144.74826033,-37.49470443],[144.74865308,-37.49538333],[144.75225352,-37.49701179],[144.75546065,-37.49595578],[144.75753037,-37.49483833],[144.75926968,-37.49896533],[144.75972333,-37.50122598],[144.76106984,-37.50139269],[144.76050708,-37.49958645],[144.76269104,-37.4995053],[144.76352992,-37.50059652],[144.76626357,-37.50265572],[144.76587681,-37.50358256],[144.76627472,-37.50514464],[144.76957103,-37.506256],[144.76981131,-37.50751165],[144.76833649,-37.50887878],[144.76933907,-37.51091579],[144.76915383,-37.51321725],[144.77018776,-37.51564393],[144.76826002,-37.51742502],[144.76858309,-37.51827945],[144.76994137,-37.51949516],[144.77003537,-37.52053825],[144.76790197,-37.52131598],[144.7678423,-37.52224276],[144.76921384,-37.52281743],[144.77005601,-37.525778],[144.77244396,-37.52641297],[144.77273394,-37.52702404],[144.77142295,-37.52786999],[144.77124614,-37.52918133],[144.77270843,-37.5302464],[144.77631697,-37.52981455],[144.77690496,-37.53068502],[144.77660035,-37.53221919],[144.77556716,-37.53448384],[144.77701167,-37.5354712],[144.77610969,-37.53740037],[144.77853129,-37.53824332],[144.77730202,-37.53981603],[144.77617329,-37.54061689],[144.77631453,-37.541446],[144.7793111,-37.54196416],[144.77876168,-37.54326229],[144.77685103,-37.54504068],[144.77816192,-37.54617899],[144.77546,-37.54709196],[144.77604101,-37.54851],[144.77725301,-37.55012796],[144.775767,-37.55118098],[144.77430339,-37.55153033],[144.77331744,-37.5528027],[144.77103914,-37.55241394],[144.77022946,-37.55347301],[144.77112296,-37.55421596],[144.77042413,-37.55538929],[144.77073649,-37.55667653],[144.77029476,-37.55771238],[144.77185904,-37.55817596],[144.77307301,-37.56043803],[144.77319997,-37.56183896],[144.77159299,-37.56337996],[144.77046596,-37.56571604],[144.77071698,-37.566283],[144.77280205,-37.56603496],[144.77608097,-37.56694896],[144.77722696,-37.56815897],[144.77754003,-37.56944798],[144.777311,-37.57088697],[144.77545603,-37.57215801],[144.77342003,-37.57396899],[144.773263,-37.57489],[144.77460497,-37.57540303],[144.77494534,-37.57609984],[144.77431676,-37.57736626],[144.77280145,-37.57795459],[144.77201988,-37.57910926],[144.77401489,-37.58028745],[144.77418087,-37.58192185],[144.77137416,-37.58358724],[144.76836902,-37.58398002],[144.76816003,-37.58367703],[144.76012504,-37.58262602],[144.75996803,-37.59861303],[144.76397304,-37.601623],[144.76961299,-37.60658404],[144.77572101,-37.61033803],[144.78049803,-37.61513498],[144.77979101,-37.61688599],[144.77971898,-37.61840299],[144.777154,-37.62086096],[144.77684999,-37.62246999],[144.77624601,-37.62317804]]]},"properties":{"name":"Sunbury","geo_name":"Sunbury","region":"Outer West","color":"#6a994e"}},{"type":"Feature","geometry":{"type":"Polygon","coordinates":[[[145.04019671,-37.78422187],[145.03792264,-37.78319239],[145.03699362,-37.78152955],[145.03806255,-37.78127869],[145.03858227,-37.77933242],[145.03741766,-37.77962931],[145.03470671,-37.77856638],[145.03512846,-37.77761366],[145.03545463,-37.77473217],[145.03412231,-37.77271103],[145.03449459,-37.77235644],[145.03681229,-37.77257135],[145.03710812,-37.77141797],[145.03657991,-37.77050096],[145.03525058,-37.77027013],[145.03243613,-37.77068648],[145.03143561,-37.76853617],[145.03120336,-37.76663122],[145.03053828,-37.76491255],[145.02803972,-37.76410954],[145.02792423,-37.76251008],[145.02854033,-37.76133946],[145.02993961,-37.75995257],[145.02902926,-37.75803853],[145.02934056,-37.75761531],[145.03145857,-37.75740321],[145.0321994,-37.75679736],[145.03136751,-37.75573221],[145.03126946,-37.75564548],[145.04375297,-37.75706198],[145.04496604,-37.757085],[145.04608602,-37.75113699],[145.05527127,-37.75466974],[145.05638499,-37.75500501],[145.05572603,-37.75593811],[145.05363504,-37.75802404],[145.05405634,-37.75858585],[145.05329141,-37.76292365],[145.05376502,-37.76375302],[145.051212,-37.76560096],[145.05187895,-37.766179],[145.05193104,-37.76833201],[145.05131004,-37.76949396],[145.04964403,-37.77016998],[145.04903701,-37.77169904],[145.04958841,-37.77437386],[145.05454131,-37.77800571],[145.05648544,-37.77901625],[145.05914552,-37.77834068],[145.060988,-37.77684904],[145.06269004,-37.77716898],[145.06366197,-37.779988],[145.06322911,-37.7814773],[145.06216347,-37.78118128],[145.06094974,-37.7799597],[145.05924558,-37.78093267],[145.05730483,-37.78139945],[145.05576705,-37.78239234],[145.05516291,-37.78118715],[145.05386245,-37.78203592],[145.05337365,-37.78365729],[145.05535711,-37.78384141],[145.0549886,-37.785085],[145.05235511,-37.78406529],[145.05123574,-37.78180799],[145.04911881,-37.78109163],[145.04664056,-37.78064446],[145.04514768,-37.77999022],[145.04457005,-37.7810207],[145.04225215,-37.7817898],[145.04019671,-37.78422187]]]},"properties":{"name":"Ivanhoe","geo_name":"Ivanhoe","region":"Outer North East","color":"#8ac926"}},{"type":"Feature","geometry":{"type":"Polygon","coordinates":[[[145.00474441,-37.89581685],[145.00595419,-37.89817439],[145.00632168,-37.89982062],[145.00794504,-37.90520501],[145.00867699,-37.90657699],[145.00867998,-37.908156],[145.00698212,-37.91703799],[145.00585498,-37.92334103],[145.00459697,-37.92938403],[145.00331156,-37.92981966],[144.99638182,-37.92888606],[144.99394801,-37.92875999],[144.99319186,-37.93278811],[144.99054308,-37.9298069],[144.98681015,-37.92660044],[144.98550049,-37.92631038],[144.98586286,-37.92388751],[144.98665121,-37.92346397],[144.98615252,-37.92242039],[144.98745716,-37.92091798],[144.98711069,-37.91886438],[144.98614508,-37.91750262],[144.98654951,-37.91551179],[144.98570846,-37.91337314],[144.98473816,-37.91195895],[144.98509981,-37.9103519],[144.98373882,-37.90935979],[144.98090594,-37.90820681],[144.98020881,-37.90740277],[144.98006611,-37.90512971],[144.98394578,-37.90319091],[144.98335418,-37.9012712],[144.98473447,-37.89824542],[144.98581028,-37.89652229],[144.98587913,-37.89361057],[144.98482332,-37.89098421],[144.99067171,-37.89173659],[144.9922643,-37.88327348],[144.99705204,-37.88386502],[145.00103804,-37.88858906],[145.00474441,-37.89581685]]]},"properties":{"name":"Brighton","geo_name":"Brighton","region":"Inner South East","color":"#457b9d"}},{"type":"Feature","geometry":{"type":"Polygon","coordinates":[[[144.97041009,-37.83015933],[144.96584503,-37.8314822],[144.96278601,-37.82858103],[144.95406796,-37.83107903],[144.95276397,-37.82822897],[144.94959296,-37.83016902],[144.94717096,-37.827599],[144.94693968,-37.82680706],[144.94914658,-37.82702292],[144.95243797,-37.82755545],[144.95307926,-37.82739865],[144.9562284,-37.82531621],[144.95665582,-37.82450987],[144.95599201,-37.82307895],[144.96119701,-37.82055398],[144.96623304,-37.81949997],[144.96826201,-37.81924497],[144.97093296,-37.82507],[144.97142302,-37.82743697],[144.97132145,-37.82989485],[144.97041009,-37.83015933]]]},"properties":{"name":"Southbank","geo_name":"Southbank","region":"Inner City","color":"#e63946"}},{"type":"Feature","geometry":{"type":"Polygon","coordinates":[[[144.82666863,-37.81688954],[144.80809318,-37.81533281],[144.80789603,-37.81409298],[144.80737798,-37.805073],[144.80617696,-37.80290497],[144.80473704,-37.80181796],[144.80183301,-37.800963],[144.79546798,-37.800301],[144.79273203,-37.79981701],[144.79063597,-37.79912702],[144.78836797,-37.79736801],[144.78760101,-37.795837],[144.78736399,-37.79315099],[144.78766196,-37.78979498],[144.78830897,-37.78734001],[144.78964704,-37.78429903],[144.79136204,-37.78161298],[144.815345,-37.78412299],[144.81516602,-37.78464304],[144.81661145,-37.78641691],[144.8207259,-37.78714283],[144.82447098,-37.78620001],[144.82625001,-37.78902904],[144.82631504,-37.79086796],[144.82537701,-37.79156304],[144.82632503,-37.79272803],[144.82591302,-37.793565],[144.82322502,-37.79395601],[144.82158396,-37.79639802],[144.82238303,-37.79751704],[144.820908,-37.79871904],[144.82142697,-37.80051104],[144.82213198,-37.801371],[144.82506802,-37.79977098],[144.82736996,-37.79918703],[144.83053899,-37.79700401],[144.83203797,-37.79779799],[144.83259304,-37.79868098],[144.82974303,-37.79983796],[144.830375,-37.80121296],[144.83203299,-37.80121899],[144.83295911,-37.80288241],[144.83464492,-37.80536259],[144.83454015,-37.80644792],[144.83081505,-37.810341],[144.82920296,-37.81106297],[144.82834596,-37.81188102],[144.82822099,-37.81372904],[144.82893599,-37.81508603],[144.82823501,-37.81622599],[144.82666863,-37.81688954]]]},"properties":{"name":"Sunshine West","geo_name":"Sunshine West","region":"Outer West","color":"#6a994e"}},{"type":"Feature","geometry":{"type":"Polygon","coordinates":[[[144.93649464,-37.71372702],[144.93683626,-37.71238446],[144.93862699,-37.70193004],[144.93991101,-37.70158455],[144.94162196,-37.70228602],[144.94539597,-37.70279697],[144.94567399,-37.70231007],[144.95077806,-37.70288317],[144.95208303,-37.70363199],[144.95926696,-37.70439604],[144.960529,-37.70453096],[144.96275102,-37.71862796],[144.96298104,-37.71921597],[144.952133,-37.71814498],[144.95168801,-37.718063],[144.95210504,-37.71565799],[144.95038043,-37.71621669],[144.94908457,-37.71606835],[144.94865599,-37.71525797],[144.9454602,-37.71486377],[144.94545334,-37.71531221],[144.93765728,-37.71441194],[144.93649464,-37.71372702]]]},"properties":{"name":"Hadfield","geo_name":"Hadfield","region":"Outer North","color":"#1982c4"}},{"type":"Feature","geometry":{"type":"Polygon","coordinates":[[[144.90327899,-37.681026],[144.90478705,-37.67842396],[144.9061277,-37.67710025],[144.90784103,-37.67721499],[144.90961402,-37.67603099],[144.91149392,-37.67556414],[144.912123,-37.67443698],[144.91334901,-37.67430497],[144.91426602,-37.67256703],[144.91611309,-37.67177185],[144.91675703,-37.66781701],[144.91972104,-37.66608499],[144.91973103,-37.66502099],[144.91873805,-37.66407201],[144.91866401,-37.663095],[144.92208103,-37.66379003],[144.92548099,-37.66417399],[144.92327196,-37.67521802],[144.93754096,-37.67697797],[144.9386994,-37.67781303],[144.93955408,-37.67305824],[144.94999102,-37.67425098],[144.95158297,-37.67823598],[144.95301702,-37.68061396],[144.95455796,-37.682463],[144.95523798,-37.68388703],[144.95628403,-37.68942502],[144.95700201,-37.69192903],[144.95225489,-37.6920714],[144.94019477,-37.69281175],[144.9338531,-37.69367829],[144.92529524,-37.69431022],[144.91767593,-37.69468019],[144.91531768,-37.6943549],[144.91557297,-37.69079501],[144.916534,-37.68727304],[144.91737499,-37.684917],[144.91376904,-37.68394098],[144.91291797,-37.68294697],[144.91108701,-37.68199696],[144.90682502,-37.68136301],[144.90327899,-37.681026]]]},"properties":{"name":"Broadmeadows","geo_name":"Broadmeadows","region":"Outer West","color":"#6a994e"}},{"type":"Feature","geometry":{"type":"Polygon","coordinates":[[[144.65945461,-37.80094609],[144.66331693,-37.77700885],[144.66381521,-37.77239482],[144.6658634,-37.75808677],[144.66782838,-37.74465919],[144.66899183,-37.74479158],[144.67070493,-37.73541389],[144.67104138,-37.73481415],[144.6720448,-37.73526094],[144.68011665,-37.73796729],[144.68692264,-37.74006716],[144.69496297,-37.74312351],[144.70368259,-37.74659545],[144.70622999,-37.74737253],[144.72245453,-37.75040054],[144.72371,-37.75075297],[144.72201297,-37.76017299],[144.72108304,-37.75976903],[144.71849904,-37.77803097],[144.71634411,-37.79283276],[144.73458619,-37.79451867],[144.75282612,-37.79604643],[144.75087646,-37.81041876],[144.76919683,-37.81202207],[144.76563999,-37.83870725],[144.76105069,-37.84398021],[144.74654399,-37.85400904],[144.73118912,-37.85269804],[144.7305537,-37.8574108],[144.730653,-37.85888078],[144.73178416,-37.86304159],[144.73134601,-37.8632851],[144.73115602,-37.86328549],[144.72122211,-37.86873923],[144.72023941,-37.8684259],[144.71770675,-37.8685129],[144.71653896,-37.86714111],[144.71786447,-37.86474176],[144.7209291,-37.86344932],[144.72069003,-37.8617055],[144.71733475,-37.8581731],[144.71569047,-37.85807297],[144.71445578,-37.85707272],[144.71343964,-37.85445961],[144.71256196,-37.85389484],[144.71180966,-37.85231532],[144.71330068,-37.85133434],[144.71315918,-37.8489469],[144.71394979,-37.8476574],[144.71359918,-37.84657016],[144.71141645,-37.84475367],[144.71019476,-37.84501118],[144.70716418,-37.84503887],[144.70581167,-37.84399979],[144.70591893,-37.84251365],[144.70692728,-37.84141671],[144.70682764,-37.84047248],[144.70467313,-37.83988977],[144.70422471,-37.83794319],[144.70357062,-37.83707838],[144.70268489,-37.83455448],[144.70384315,-37.83312284],[144.70457177,-37.82881826],[144.70328005,-37.8273097],[144.70338785,-37.82618699],[144.70485151,-37.8243211],[144.70462175,-37.8198779],[144.70663406,-37.81853869],[144.70603354,-37.81674342],[144.70920096,-37.81292455],[144.71038997,-37.81295113],[144.71226221,-37.81162553],[144.71080668,-37.80912859],[144.70923245,-37.80809737],[144.70852201,-37.80678774],[144.70494001,-37.80604748],[144.68670387,-37.80403686],[144.65945461,-37.80094609]]]},"properties":{"name":"Truganina","geo_name":"Truganina","region":"Outer West","color":"#6a994e"}},{"type":"Feature","geometry":{"type":"Polygon","coordinates":[[[144.99286197,-37.94218738],[144.99355902,-37.944304],[144.99626499,-37.94494],[144.99747301,-37.94433899],[145.00534924,-37.94527226],[145.00684524,-37.94503485],[145.00976257,-37.94577138],[145.01160449,-37.94556553],[145.01614104,-37.94605196],[145.02256086,-37.94693024],[145.02196166,-37.95016893],[145.02104001,-37.952048],[145.02137031,-37.95342541],[145.02967501,-37.95439003],[145.03053826,-37.95435239],[145.03098317,-37.95587626],[145.03055797,-37.957849],[145.03178604,-37.95798903],[145.03119004,-37.960844],[145.02995156,-37.96135035],[145.02975846,-37.96230222],[145.0284549,-37.96272581],[145.02461503,-37.96219801],[145.02449702,-37.96276996],[145.02199404,-37.96247903],[145.0221269,-37.96185247],[145.01858749,-37.96189064],[145.01776474,-37.96239588],[145.01004963,-37.96127263],[145.00428237,-37.95389184],[145.00336682,-37.95320526],[145.00133883,-37.95086115],[144.99744695,-37.94730093],[144.99615935,-37.94712966],[144.99521685,-37.945346],[144.99328804,-37.94435635],[144.99286197,-37.94218738]]]},"properties":{"name":"Sandringham","geo_name":"Sandringham","region":"Outer South East","color":"#ff595e"}},{"type":"Feature","geometry":{"type":"Polygon","coordinates":[[[144.86771462,-37.85904031],[144.86383901,-37.85791396],[144.86155002,-37.85765796],[144.85825301,-37.85764703],[144.85397203,-37.85594604],[144.85164697,-37.85594804],[144.85297102,-37.85241201],[144.86269399,-37.855108],[144.88704903,-37.85767998],[144.88897597,-37.85782403],[144.88867546,-37.85633359],[144.88628004,-37.8514603],[144.88774297,-37.84929696],[144.888405,-37.85027397],[144.88941069,-37.85006933],[144.89523242,-37.85057663],[144.89779315,-37.85128725],[144.89900647,-37.85113699],[144.89920449,-37.85188625],[144.9020031,-37.85430185],[144.90300422,-37.85691668],[144.90262154,-37.85905208],[144.90350127,-37.8593376],[144.90394127,-37.86087296],[144.90361638,-37.86143445],[144.90517548,-37.86211144],[144.90692272,-37.86228295],[144.90992808,-37.86159772],[144.91157668,-37.86214548],[144.91347904,-37.86404343],[144.91554796,-37.86176308],[144.91639049,-37.86177833],[144.91434604,-37.86421751],[144.91562322,-37.86520971],[144.91345795,-37.86681828],[144.91252894,-37.86824259],[144.90746315,-37.87103879],[144.90542276,-37.87140253],[144.90421012,-37.87269984],[144.90270502,-37.87296606],[144.89873924,-37.87137106],[144.89805147,-37.87064355],[144.89561262,-37.87062222],[144.89435827,-37.86949146],[144.89337192,-37.86776422],[144.89120235,-37.86708572],[144.88992629,-37.86720467],[144.88924419,-37.86808643],[144.8879523,-37.86852994],[144.88509892,-37.86831582],[144.88369413,-37.86748141],[144.88390567,-37.86619505],[144.88153625,-37.86602069],[144.87940703,-37.86647393],[144.87988078,-37.86746374],[144.87891054,-37.86841795],[144.87737436,-37.86738099],[144.87616478,-37.86525292],[144.87426174,-37.86385032],[144.87398557,-37.86314133],[144.87469478,-37.86200149],[144.87323135,-37.86057136],[144.8721017,-37.86022264],[144.87093605,-37.86127891],[144.86914702,-37.85956615],[144.86771462,-37.85904031]]]},"properties":{"name":"Williamstown","geo_name":"Williamstown","region":"Inner West","color":"#a8dadc"}},{"type":"Feature","geometry":{"type":"Polygon","coordinates":[[[145.0284549,-37.96272581],[145.02975846,-37.96230222],[145.02995156,-37.96135035],[145.03119004,-37.960844],[145.03178604,-37.95798903],[145.03055797,-37.957849],[145.03098317,-37.95587626],[145.03053826,-37.95435239],[145.0306982,-37.95349446],[145.03254396,-37.95370997],[145.032396,-37.95446802],[145.03835602,-37.95536603],[145.03895298,-37.95509705],[145.04165741,-37.95526748],[145.04264745,-37.9558985],[145.04736536,-37.95647936],[145.047637,-37.95692204],[145.05311896,-37.95761703],[145.05571403,-37.956483],[145.05707502,-37.95799401],[145.05902399,-37.94763196],[145.07735001,-37.94984],[145.07544703,-37.96026899],[145.08446763,-37.96137256],[145.08402204,-37.96370699],[145.09317801,-37.96484896],[145.09224705,-37.969884],[145.08706501,-37.96925697],[145.08615296,-37.97445596],[145.08624405,-37.97625104],[145.07505499,-37.97493199],[145.07502396,-37.975117],[145.06429305,-37.97380397],[145.06510205,-37.97479396],[145.0541687,-37.97348737],[145.05364339,-37.97285032],[145.04649237,-37.97195328],[145.0465654,-37.97157053],[145.04225528,-37.97104675],[145.04218571,-37.97139524],[145.03593096,-37.97075596],[145.03624105,-37.96909198],[145.03062605,-37.96844298],[145.02934336,-37.96952988],[145.02725771,-37.96928849],[145.02736402,-37.96806503],[145.0284549,-37.96272581]]]},"properties":{"name":"Cheltenham","geo_name":"Cheltenham","region":"Outer South East","color":"#ff595e"}},{"type":"Feature","geometry":{"type":"Polygon","coordinates":[[[145.06359046,-37.86706886],[145.06142998,-37.86753001],[145.060161,-37.86476823],[145.05782204,-37.86550203],[145.04077628,-37.86347261],[145.04009659,-37.86348878],[145.03972098,-37.86343837],[145.04105482,-37.8555297],[145.04215761,-37.85044251],[145.04441405,-37.84862741],[145.04387801,-37.84812408],[145.04471091,-37.84761034],[145.04507049,-37.84558553],[145.04693039,-37.84605132],[145.048985,-37.84693683],[145.04963352,-37.84571876],[145.05329399,-37.84606204],[145.0533836,-37.84572439],[145.05496111,-37.84631573],[145.06960363,-37.84796172],[145.07824642,-37.84876123],[145.08247341,-37.8493971],[145.09553696,-37.85082702],[145.09374352,-37.86088198],[145.09366662,-37.86130403],[145.09318074,-37.86088215],[145.08189714,-37.85970187],[145.08161902,-37.85884961],[145.07959627,-37.8595485],[145.07764805,-37.85912503],[145.0760897,-37.85809999],[145.07528235,-37.8624143],[145.07577411,-37.86341628],[145.07520946,-37.867003],[145.0699015,-37.86666979],[145.06702981,-37.86614995],[145.06538182,-37.8669775],[145.06466696,-37.86505529],[145.06355778,-37.86520488],[145.06217034,-37.86385533],[145.06176301,-37.86555707],[145.06359046,-37.86706886]]]},"properties":{"name":"Glen Iris","geo_name":"Glen Iris","region":"Inner South East","color":"#457b9d"}},{"type":"Feature","geometry":{"type":"Polygon","coordinates":[[[145.03327169,-37.74888857],[145.03157157,-37.7506158],[145.03180007,-37.75261735],[145.0306108,-37.75470559],[145.03126946,-37.75564548],[145.03136751,-37.75573221],[145.02855697,-37.75529299],[145.01566003,-37.75389696],[145.00165199,-37.75229003],[144.995536,-37.75167004],[144.99493404,-37.75175999],[144.98084136,-37.75027001],[144.98138642,-37.74876598],[144.98060699,-37.74769612],[144.98029705,-37.74622987],[144.98195638,-37.74582006],[144.98147905,-37.7448814],[144.98001237,-37.74393799],[144.97978589,-37.74275503],[144.98102318,-37.74002924],[144.98170703,-37.74010499],[144.98238999,-37.73790102],[144.98298079,-37.73741768],[144.98314404,-37.73597902],[144.98384231,-37.73394854],[144.98459898,-37.72801397],[144.98489351,-37.72755715],[144.98775499,-37.72809196],[144.99107144,-37.728418],[144.99099398,-37.72885903],[145.00060902,-37.72987302],[145.00466458,-37.73038913],[145.00596323,-37.72977545],[145.01417703,-37.7307597],[145.02022807,-37.73126527],[145.02894101,-37.73229236],[145.03121099,-37.73295103],[145.03136404,-37.73214932],[145.03325313,-37.73280737],[145.03555335,-37.73264329],[145.03785108,-37.73291491],[145.03840022,-37.73367198],[145.03778019,-37.73483444],[145.03370544,-37.73529762],[145.03359574,-37.73681011],[145.03223261,-37.7374205],[145.03207757,-37.73849863],[145.03301374,-37.74137712],[145.03400627,-37.74187804],[145.03510917,-37.74405477],[145.03360956,-37.74495187],[145.03349338,-37.74584222],[145.03549423,-37.74590612],[145.03608756,-37.74658824],[145.03577335,-37.74765372],[145.03327169,-37.74888857]]]},"properties":{"name":"Preston","geo_name":"Preston","region":"Inner North","color":"#2a9d8f"}},{"type":"Feature","geometry":{"type":"Polygon","coordinates":[[[145.13566087,-37.74089035],[145.13665185,-37.74037575],[145.13760249,-37.73841674],[145.13863922,-37.73831038],[145.14236183,-37.73894365],[145.14596901,-37.73844224],[145.14842426,-37.73722857],[145.15012731,-37.73835324],[145.15107786,-37.73633966],[145.15355171,-37.73427192],[145.15536901,-37.73395367],[145.15820285,-37.73548968],[145.16122976,-37.73746141],[145.16248527,-37.73779301],[145.16372614,-37.73540652],[145.16481381,-37.73431752],[145.16611211,-37.73429486],[145.17001504,-37.73496091],[145.17077857,-37.73471085],[145.17484227,-37.73522201],[145.17572386,-37.7349314],[145.17666081,-37.73574457],[145.17684822,-37.73812204],[145.17771385,-37.73841907],[145.17553304,-37.74997801],[145.16911001,-37.74919702],[145.16444197,-37.77523298],[145.15263904,-37.77378596],[145.14618599,-37.77310099],[145.14512504,-37.77857999],[145.14334202,-37.77729299],[145.14055496,-37.77720902],[145.13958201,-37.77680604],[145.13673904,-37.77402804],[145.13544707,-37.77328158],[145.135327,-37.77125803],[145.13585402,-37.76996602],[145.13315497,-37.76843398],[145.13237098,-37.76742097],[145.13146102,-37.76726697],[145.12828598,-37.766143],[145.12817804,-37.76519296],[145.126833,-37.76306202],[145.12679398,-37.76214902],[145.12523104,-37.76066298],[145.12467598,-37.758376],[145.12367799,-37.75823604],[145.12195266,-37.75633796],[145.12115301,-37.75642097],[145.11943004,-37.75544596],[145.1178841,-37.75400389],[145.11752594,-37.75272399],[145.11895659,-37.75232012],[145.12109927,-37.75232857],[145.12169717,-37.75194377],[145.1218917,-37.7501335],[145.12304432,-37.74929138],[145.12400802,-37.75050812],[145.12612989,-37.75094505],[145.1253229,-37.74943239],[145.12305255,-37.74754908],[145.12107231,-37.74855465],[145.12029591,-37.74810641],[145.12003021,-37.74458956],[145.12147145,-37.74168151],[145.12305497,-37.74041492],[145.12544296,-37.74018863],[145.13250911,-37.74274563],[145.13392808,-37.74245418],[145.13566087,-37.74089035]]]},"properties":{"name":"Templestowe","geo_name":"Templestowe","region":"Outer East","color":"#6a4c93"}},{"type":"Feature","geometry":{"type":"Polygon","coordinates":[[[144.94965225,-37.77676832],[144.93894501,-37.77547398],[144.93907596,-37.77452103],[144.93657347,-37.77381661],[144.93835011,-37.77187727],[144.93771056,-37.77101123],[144.93557469,-37.77101587],[144.93537965,-37.77011861],[144.93756576,-37.76901146],[144.93800114,-37.76646908],[144.9384572,-37.76149183],[144.93831501,-37.76081565],[144.93652824,-37.76018306],[144.93463224,-37.76062328],[144.93378538,-37.75937728],[144.93301329,-37.75888962],[144.93374062,-37.75733575],[144.93457661,-37.75659204],[144.9337091,-37.75491458],[144.93487199,-37.75419948],[144.93472756,-37.75313154],[144.9322353,-37.75268874],[144.93054552,-37.75366205],[144.92900533,-37.75194903],[144.92842584,-37.75262719],[144.92722264,-37.75211792],[144.92695647,-37.75107305],[144.94624596,-37.75333598],[144.95386003,-37.75423099],[144.95326497,-37.75498497],[144.95119151,-37.7559412],[144.95059605,-37.75898396],[144.95067434,-37.76039252],[144.95000705,-37.76460671],[144.94925091,-37.76689693],[144.94872684,-37.76958092],[144.95033403,-37.77021403],[144.94975798,-37.77323241],[144.94891207,-37.77593347],[144.94965225,-37.77676832]]]},"properties":{"name":"Brunswick West","geo_name":"Brunswick West","region":"Inner North","color":"#2a9d8f"}},{"type":"Feature","geometry":{"type":"Polygon","coordinates":[[[144.95386003,-37.75423099],[144.96411401,-37.755471],[144.97698303,-37.75692103],[144.976627,-37.75901219],[144.97396504,-37.75870099],[144.97334599,-37.76203396],[144.97286099,-37.76232768],[144.97146501,-37.76989002],[144.971864,-37.77056101],[144.97110059,-37.77197377],[144.970155,-37.778228],[144.97054859,-37.77915274],[144.96842505,-37.77904865],[144.96147274,-37.77819557],[144.96020595,-37.77804267],[144.94965225,-37.77676832],[144.94891207,-37.77593347],[144.94975798,-37.77323241],[144.95033403,-37.77021403],[144.94872684,-37.76958092],[144.94925091,-37.76689693],[144.95000705,-37.76460671],[144.95067434,-37.76039252],[144.95059605,-37.75898396],[144.95119151,-37.7559412],[144.95326497,-37.75498497],[144.95386003,-37.75423099]]]},"properties":{"name":"Brunswick","geo_name":"Brunswick","region":"Inner North","color":"#2a9d8f"}},{"type":"Feature","geometry":{"type":"Polygon","coordinates":[[[144.57038398,-37.67292202],[144.57099403,-37.67038896],[144.57215399,-37.66405502],[144.57572997,-37.64521698],[144.58362804,-37.64618501],[144.58379354,-37.64526138],[144.60849616,-37.64830423],[144.6085345,-37.64849642],[144.60896589,-37.65014517],[144.60970981,-37.65130021],[144.61157617,-37.65306373],[144.61302414,-37.65385904],[144.6131341,-37.65518145],[144.61126364,-37.65687113],[144.61323014,-37.65989189],[144.61342456,-37.66087807],[144.61266664,-37.66373738],[144.60965302,-37.66476661],[144.60933057,-37.666612],[144.60851452,-37.66760023],[144.60698671,-37.66808281],[144.60676385,-37.67011042],[144.60542402,-37.67090324],[144.60554532,-37.67331176],[144.60460309,-37.67350438],[144.60472848,-37.67472797],[144.60555859,-37.67506926],[144.60515976,-37.67637682],[144.60189551,-37.6769953],[144.60055757,-37.67777909],[144.59820998,-37.67793398],[144.59783098,-37.676334],[144.59658301,-37.676099],[144.57038398,-37.67292202]]]},"properties":{"name":"Kurunjang","geo_name":"Kurunjang","region":"Outer West","color":"#6a994e"}},{"type":"Feature","geometry":{"type":"Polygon","coordinates":[[[144.78205896,-37.71122896],[144.78646204,-37.71183297],[144.79134602,-37.71227797],[144.79320205,-37.71227904],[144.80376296,-37.71330199],[144.81093002,-37.71418514],[144.81869306,-37.71506803],[144.81991008,-37.71636245],[144.81951388,-37.71967261],[144.81893011,-37.72100456],[144.82028106,-37.72199242],[144.82124006,-37.72340993],[144.82481096,-37.72602596],[144.81525497,-37.72968021],[144.80184797,-37.728186],[144.79327199,-37.72796398],[144.79252502,-37.72575899],[144.791428,-37.72347004],[144.78987202,-37.72111102],[144.78205896,-37.71122896]]]},"properties":{"name":"Keilor Downs","geo_name":"Keilor Downs","region":"Inner West","color":"#a8dadc"}},{"type":"Feature","geometry":{"type":"Polygon","coordinates":[[[144.75627048,-37.70616763],[144.74194946,-37.70443483],[144.73260195,-37.70330427],[144.73257306,-37.70623539],[144.72971165,-37.7065616],[144.72713739,-37.69283158],[144.72476679,-37.68999203],[144.72768698,-37.67548098],[144.73678436,-37.67607534],[144.75443312,-37.6783769],[144.75483638,-37.67656028],[144.75833654,-37.68103148],[144.75642679,-37.69342065],[144.75552753,-37.69783421],[144.75549234,-37.69975371],[144.75626842,-37.70274055],[144.75627048,-37.70616763]]]},"properties":{"name":"Hillside","geo_name":"Hillside","region":"Outer West","color":"#6a994e"}},{"type":"Feature","geometry":{"type":"Polygon","coordinates":[[[145.16098197,-37.96349297],[145.13658859,-37.96049748],[145.13935505,-37.94584725],[145.14016423,-37.94231447],[145.1401442,-37.9399173],[145.14189844,-37.93141117],[145.14170184,-37.931386],[145.14270759,-37.9257871],[145.14344006,-37.92460615],[145.14753809,-37.9271826],[145.15591564,-37.93245508],[145.15672631,-37.93314598],[145.17428772,-37.93532086],[145.18343827,-37.93649674],[145.18309754,-37.93832121],[145.18480811,-37.93854905],[145.18634063,-37.93932965],[145.18723129,-37.94135142],[145.18656012,-37.94448709],[145.18505439,-37.94612316],[145.18310752,-37.94664175],[145.18155112,-37.94643802],[145.18071603,-37.95097752],[145.175881,-37.95041903],[145.172638,-37.94753396],[145.1716123,-37.94842418],[145.16995696,-37.95719299],[145.16292997,-37.956302],[145.16376896,-37.95693697],[145.16302517,-37.95793806],[145.16194793,-37.96308236],[145.16098197,-37.96349297]]]},"properties":{"name":"Springvale","geo_name":"Springvale","region":"Outer South East","color":"#ff595e"}},{"type":"Feature","geometry":{"type":"Polygon","coordinates":[[[144.98015615,-37.75729749],[144.97698303,-37.75692103],[144.96411401,-37.755471],[144.95386003,-37.75423099],[144.94624596,-37.75333598],[144.94687753,-37.74998162],[144.94715228,-37.74743758],[144.94609749,-37.74633137],[144.94722776,-37.7398264],[144.94907302,-37.73911097],[144.94959243,-37.73567827],[144.95001604,-37.732558],[144.96774604,-37.73423302],[144.970539,-37.73541598],[144.97516497,-37.73555998],[144.97689497,-37.73534697],[144.98314404,-37.73597902],[144.98298079,-37.73741768],[144.98238999,-37.73790102],[144.98170703,-37.74010499],[144.98102318,-37.74002924],[144.97978589,-37.74275503],[144.98001237,-37.74393799],[144.98147905,-37.7448814],[144.98195638,-37.74582006],[144.98029705,-37.74622987],[144.98060699,-37.74769612],[144.98138642,-37.74876598],[144.98084136,-37.75027001],[144.98181314,-37.75201862],[144.98003492,-37.75304378],[144.97920432,-37.75426393],[144.98015615,-37.75729749]]]},"properties":{"name":"Coburg","geo_name":"Coburg","region":"Inner North","color":"#2a9d8f"}},{"type":"Feature","geometry":{"type":"Polygon","coordinates":[[[145.03593096,-37.97075596],[145.04218571,-37.97139524],[145.04225528,-37.97104675],[145.0465654,-37.97157053],[145.04649237,-37.97195328],[145.05364339,-37.97285032],[145.0541687,-37.97348737],[145.05169597,-37.98682318],[145.04844323,-37.9886464],[145.04738687,-37.98884069],[145.04560112,-37.99002718],[145.04307564,-37.99114793],[145.04231537,-37.99268903],[145.03853969,-37.9957871],[145.03705123,-37.99610089],[145.03637579,-37.99546535],[145.03325422,-37.9946497],[145.03147783,-37.99453048],[145.02993398,-37.9934099],[145.02983338,-37.99225548],[145.02824797,-37.99084415],[145.02773049,-37.98922126],[145.02496092,-37.98613804],[145.02379569,-37.98578232],[145.02466003,-37.98090599],[145.02523985,-37.97960364],[145.02588523,-37.97618548],[145.02646067,-37.97582588],[145.02646104,-37.97384499],[145.03168496,-37.97444997],[145.03472511,-37.97762792],[145.03593096,-37.97075596]]]},"properties":{"name":"Beaumaris","geo_name":"Beaumaris","region":"Outer South East","color":"#ff595e"}},{"type":"Feature","geometry":{"type":"Polygon","coordinates":[[[144.99286197,-37.94218738],[144.99227656,-37.94000487],[144.99912075,-37.94167197],[144.99918798,-37.94050395],[144.99775056,-37.93786017],[144.99319186,-37.93278811],[144.99394801,-37.92875999],[144.99638182,-37.92888606],[145.00331156,-37.92981966],[145.00459697,-37.92938403],[145.00448999,-37.92995458],[145.00600904,-37.930618],[145.00830167,-37.93042084],[145.01319908,-37.93093192],[145.02430349,-37.93230549],[145.02495302,-37.93183399],[145.02524082,-37.933578],[145.02380896,-37.94061396],[145.02327895,-37.94055298],[145.02285903,-37.94278802],[145.02337673,-37.94324764],[145.02256086,-37.94693024],[145.01614104,-37.94605196],[145.01160449,-37.94556553],[145.00976257,-37.94577138],[145.00684524,-37.94503485],[145.00534924,-37.94527226],[144.99747301,-37.94433899],[144.99626499,-37.94494],[144.99355902,-37.944304],[144.99286197,-37.94218738]]]},"properties":{"name":"Hampton","geo_name":"Hampton","region":"Outer South East","color":"#ff595e"}},{"type":"Feature","geometry":{"type":"Polygon","coordinates":[[[145.04645001,-37.81583198],[145.05935595,-37.81737278],[145.05868693,-37.82089911],[145.05791501,-37.821309],[145.05735301,-37.82536948],[145.05633413,-37.83044017],[145.05580265,-37.83176796],[145.05553767,-37.83518559],[145.05478127,-37.83564047],[145.05487279,-37.83749067],[145.05402453,-37.84264616],[145.0533836,-37.84572439],[145.05329399,-37.84606204],[145.04963352,-37.84571876],[145.048985,-37.84693683],[145.04693039,-37.84605132],[145.04507049,-37.84558553],[145.04471091,-37.84761034],[145.04387801,-37.84812408],[145.04266366,-37.84755323],[145.04048085,-37.84581938],[145.04028333,-37.84496473],[145.04134497,-37.84508998],[145.04180982,-37.84245246],[145.04421789,-37.84266932],[145.04527811,-37.84314618],[145.04562155,-37.8411478],[145.04252402,-37.83953601],[145.04342218,-37.8340356],[145.04374755,-37.83312862],[145.0441942,-37.82959775],[145.04513405,-37.82691772],[145.04539423,-37.82338172],[145.04650098,-37.8182714],[145.0460539,-37.81769232],[145.04645001,-37.81583198]]]},"properties":{"name":"Hawthorn East","geo_name":"Hawthorn East","region":"Inner East","color":"#f4a261"}},{"type":"Feature","geometry":{"type":"Polygon","coordinates":[[[145.00420709,-37.78437371],[145.00329423,-37.78334665],[145.00166874,-37.7831626],[145.00012109,-37.78472293],[144.99853617,-37.78555864],[144.99752164,-37.78559213],[144.99560016,-37.78468827],[144.99396399,-37.7833859],[144.99195589,-37.78247409],[144.99170073,-37.78010826],[144.98998833,-37.77933865],[144.98965609,-37.7776721],[144.98851838,-37.77640709],[144.98853552,-37.7750856],[144.98684934,-37.77431889],[144.98679696,-37.77369499],[144.98441034,-37.77117043],[144.98413289,-37.76988574],[144.98454649,-37.76720485],[144.9853819,-37.76583071],[144.98409078,-37.76482106],[144.98366502,-37.763843],[144.98158535,-37.76311838],[144.98164427,-37.76219996],[144.98301611,-37.76136129],[144.98175282,-37.76050164],[144.98081246,-37.75894741],[144.98589369,-37.75964539],[144.98566799,-37.76077815],[144.99346197,-37.76188501],[144.99335196,-37.76245401],[144.99622031,-37.76279157],[144.99636902,-37.76222002],[144.999913,-37.76269696],[144.9998181,-37.76326025],[145.01758397,-37.76518798],[145.01450172,-37.78339109],[145.01257973,-37.78415912],[145.0064267,-37.78396359],[145.00420709,-37.78437371]]]},"properties":{"name":"Northcote","geo_name":"Northcote","region":"Inner North","color":"#2a9d8f"}},{"type":"Feature","geometry":{"type":"Polygon","coordinates":[[[144.90640503,-37.76059696],[144.90732202,-37.75598404],[144.89661696,-37.75471103],[144.88947603,-37.75393488],[144.89043105,-37.74889004],[144.89251701,-37.73739801],[144.89636204,-37.73887101],[144.90569003,-37.74273703],[144.91023201,-37.74452596],[144.90820303,-37.74131503],[144.93343203,-37.74405797],[144.93466516,-37.74408932],[144.93283252,-37.74546757],[144.92941086,-37.74536987],[144.928404,-37.74588947],[144.92912455,-37.74733665],[144.92828439,-37.74893601],[144.92731834,-37.74950393],[144.92695647,-37.75107305],[144.92722264,-37.75211792],[144.92842584,-37.75262719],[144.92900533,-37.75194903],[144.93054552,-37.75366205],[144.9322353,-37.75268874],[144.93472756,-37.75313154],[144.93487199,-37.75419948],[144.9337091,-37.75491458],[144.93457661,-37.75659204],[144.93374062,-37.75733575],[144.93301329,-37.75888962],[144.93378538,-37.75937728],[144.93213902,-37.75873197],[144.91625204,-37.75693701],[144.91669479,-37.76073173],[144.91459792,-37.76102933],[144.91322888,-37.76063737],[144.90982601,-37.76044399],[144.90919499,-37.760885],[144.90640503,-37.76059696]]]},"properties":{"name":"Essendon","geo_name":"Essendon","region":"Outer North","color":"#1982c4"}},{"type":"Feature","geometry":{"type":"Polygon","coordinates":[[[144.91947318,-37.72504424],[144.91688238,-37.72366806],[144.91572259,-37.72407791],[144.91437579,-37.72372855],[144.91340044,-37.72276984],[144.91225315,-37.72084443],[144.91021078,-37.72171558],[144.90952457,-37.72083714],[144.90930612,-37.71947227],[144.91064069,-37.71900401],[144.90990368,-37.71772957],[144.90795567,-37.71705822],[144.90594348,-37.7173839],[144.90494894,-37.71685961],[144.90229132,-37.71680544],[144.90293744,-37.71450814],[144.90157604,-37.71348283],[144.90103965,-37.71221974],[144.90892603,-37.71312902],[144.90902404,-37.71262404],[144.91434802,-37.71327799],[144.91686108,-37.71317734],[144.91943699,-37.711499],[144.92039001,-37.71447101],[144.92111405,-37.71411805],[144.92322523,-37.71437452],[144.92310503,-37.71213403],[144.923754,-37.71200004],[144.92723603,-37.71347203],[144.926873,-37.71541496],[144.92911203,-37.71569796],[144.92941124,-37.71797685],[144.92884497,-37.72041],[144.92893289,-37.72167756],[144.92805102,-37.722021],[144.92659746,-37.72135152],[144.92332193,-37.72088758],[144.92280901,-37.72138298],[144.92122097,-37.72131002],[144.92235202,-37.72438597],[144.91947318,-37.72504424]]]},"properties":{"name":"Oak Park","geo_name":"Oak Park","region":"Outer North","color":"#1982c4"}},{"type":"Feature","geometry":{"type":"Polygon","coordinates":[[[145.00318599,-37.84810197],[144.98502345,-37.84568757],[144.98030704,-37.84506201],[144.97741995,-37.83716103],[144.97624996,-37.83701001],[144.97656396,-37.83548002],[144.97859201,-37.83519799],[144.97890799,-37.83367596],[144.98367799,-37.834296],[144.98498796,-37.82766942],[144.98660785,-37.82840324],[144.98792458,-37.82961808],[144.98961043,-37.83119399],[144.9909174,-37.83290004],[144.99453615,-37.8336616],[144.99659121,-37.83432772],[145.00058802,-37.83357079],[145.00418647,-37.83416354],[145.00380351,-37.83167883],[145.00454737,-37.83118679],[145.00615822,-37.83149616],[145.00643528,-37.83158065],[145.00318599,-37.84810197]]]},"properties":{"name":"South Yarra","geo_name":"South Yarra","region":"Inner City","color":"#e63946"}},{"type":"Feature","geometry":{"type":"Polygon","coordinates":[[[144.88416199,-37.80921503],[144.88542802,-37.80258897],[144.88620899,-37.80217196],[144.89249192,-37.80334981],[144.89740804,-37.80397999],[144.89709602,-37.80569899],[144.89836401,-37.80642999],[144.90023,-37.80695701],[144.89848701,-37.81075303],[144.89396103,-37.81024204],[144.89405697,-37.80970684],[144.89075468,-37.80930182],[144.88947951,-37.80980655],[144.88416199,-37.80921503]]]},"properties":{"name":"Seddon","geo_name":"Seddon","region":"Inner West","color":"#a8dadc"}},{"type":"Feature","geometry":{"type":"Polygon","coordinates":[[[145.4180206,-37.52633651],[145.41888871,-37.52704106],[145.41919571,-37.52913287],[145.41852004,-37.53149876],[145.42139888,-37.53325898],[145.42536572,-37.53380637],[145.42599864,-37.5350004],[145.42984612,-37.53228246],[145.43263474,-37.5308418],[145.44053069,-37.53343423],[145.44136502,-37.53011756],[145.44304898,-37.53181682],[145.44573059,-37.52457658],[145.44773567,-37.52434804],[145.44775874,-37.52504438],[145.45040829,-37.5241686],[145.45134519,-37.52477776],[145.45147721,-37.50986975],[145.43009963,-37.50048406],[145.43174326,-37.49078828],[145.42763109,-37.49025955],[145.42596444,-37.49755458],[145.42251205,-37.49707777],[145.421869,-37.50124699],[145.42073602,-37.50067497],[145.41996803,-37.49924602],[145.41892804,-37.49481503],[145.41729597,-37.48949699],[145.41727298,-37.48832399],[145.418205,-37.48458603],[145.41926198,-37.48242403],[145.41833004,-37.47905398],[145.42239703,-37.461706],[145.48860739,-37.46131555],[145.49102163,-37.45782126],[145.49064903,-37.45575997],[145.49059299,-37.453284],[145.49118105,-37.44857402],[145.49191654,-37.4452888],[145.49346698,-37.44019998],[145.49458682,-37.4373866],[145.5167632,-37.43721791],[145.51294602,-37.45707501],[145.57297701,-37.46056802],[145.57030599,-37.46257],[145.56894699,-37.46300104],[145.56978701,-37.46522903],[145.56963498,-37.46649903],[145.56652197,-37.47618503],[145.56443202,-37.47608198],[145.56330201,-37.47500998],[145.56247904,-37.47503601],[145.561136,-37.47692497],[145.56145603,-37.48358899],[145.556818,-37.48553099],[145.55574896,-37.48549999],[145.55251505,-37.48874297],[145.552713,-37.49311496],[145.554163,-37.49865003],[145.55263697,-37.50046996],[145.55040905,-37.50648898],[145.551538,-37.50891897],[145.55291102,-37.510647],[145.55735203,-37.51362299],[145.559198,-37.51416799],[145.56077002,-37.51764002],[145.56209698,-37.52112599],[145.56272001,-37.52412101],[145.56207003,-37.52734202],[145.560786,-37.52829399],[145.56038602,-37.52960599],[145.56080103,-37.53077996],[145.56334502,-37.53193804],[145.56469198,-37.533459],[145.56637703,-37.53465298],[145.56815096,-37.53694096],[145.56944701,-37.53801502],[145.57059304,-37.53985102],[145.57044603,-37.54131804],[145.57227698,-37.54347897],[145.57487498,-37.54513604],[145.57323297,-37.54654698],[145.57198897,-37.54656501],[145.57084098,-37.54735697],[145.57064899,-37.54832397],[145.56963699,-37.54887499],[145.56729199,-37.54788796],[145.56608404,-37.54791799],[145.56426402,-37.54711299],[145.56397804,-37.54788104],[145.56577004,-37.54883402],[145.56641904,-37.549692],[145.56584604,-37.55101002],[145.566904,-37.55158101],[145.56945205,-37.55582502],[145.57109301,-37.55638997],[145.572868,-37.55603298],[145.57396597,-37.55866503],[145.57352298,-37.55969397],[145.57537102,-37.55984298],[145.57673501,-37.56199901],[145.57836897,-37.56562004],[145.57778196,-37.56686397],[145.57890702,-37.56808698],[145.57962197,-37.56964304],[145.57889805,-37.57037702],[145.58100549,-37.57123721],[145.57930771,-37.57141197],[145.57802383,-37.57205412],[145.5765042,-37.57569919],[145.57501988,-37.57684475],[145.57352968,-37.57921125],[145.57315356,-37.58174744],[145.5736321,-37.58274046],[145.57320951,-37.586314],[145.572554,-37.58684954],[145.56909548,-37.58789957],[145.56652631,-37.58894749],[145.56461302,-37.59108865],[145.56406873,-37.59241604],[145.56259736,-37.59324437],[145.52279319,-37.59841407],[145.51876344,-37.5986069],[145.51781091,-37.59845704],[145.50913001,-37.59880303],[145.50812397,-37.59748797],[145.50627805,-37.59705399],[145.50508703,-37.59603402],[145.50551602,-37.59516098],[145.50516104,-37.59402498],[145.50401509,-37.59288027],[145.50449398,-37.59035297],[145.50646401,-37.58938203],[145.506764,-37.58838102],[145.50534402,-37.58495197],[145.50314505,-37.58330096],[145.48638199,-37.58318204],[145.48583201,-37.58258],[145.48529897,-37.58062203],[145.48387196,-37.579045],[145.48366498,-37.57817297],[145.47834896,-37.57580596],[145.476287,-37.574049],[145.47521694,-37.57366821],[145.46159947,-37.57280655],[145.461488,-37.57133297],[145.44557304,-37.569957],[145.44588804,-37.56874504],[145.44513299,-37.56774804],[145.43661596,-37.56688701],[145.43663304,-37.56581998],[145.43399597,-37.56436897],[145.43178801,-37.56480903],[145.42966036,-37.56585775],[145.4277571,-37.56515781],[145.42570428,-37.56528853],[145.42645838,-37.5611619],[145.42567597,-37.56106899],[145.42527999,-37.55935101],[145.42564704,-37.55853998],[145.42609398,-37.55566201],[145.42600102,-37.55333597],[145.42769513,-37.55141934],[145.41701254,-37.55013366],[145.41669899,-37.549192],[145.41646697,-37.545922],[145.41594996,-37.54378796],[145.41602598,-37.541166],[145.41503998,-37.539264],[145.41509802,-37.53824196],[145.41433697,-37.53620898],[145.41465796,-37.53331998],[145.41433202,-37.53184196],[145.41489803,-37.52943798],[145.41609697,-37.52768199],[145.4180206,-37.52633651]]]},"properties":{"name":"Toolangi","geo_name":"Toolangi","region":"Events","color":"#adb5bd"}},{"type":"Feature","geometry":{"type":"Polygon","coordinates":[[[144.98420139,-37.85066723],[144.98502345,-37.84568757],[145.00318599,-37.84810197],[145.01231602,-37.84928299],[145.01192299,-37.85188203],[145.01122928,-37.85222007],[145.01113439,-37.85386083],[145.01012568,-37.85840447],[145.01012806,-37.86017287],[145.00136596,-37.85900446],[145.00243903,-37.85309098],[144.98420139,-37.85066723]]]},"properties":{"name":"Prahran","geo_name":"Prahran","region":"Inner South East","color":"#457b9d"}},{"type":"Feature","geometry":{"type":"Polygon","coordinates":[[[145.10406493,-37.80213816],[145.10302818,-37.80217823],[145.10089102,-37.803711],[145.10065401,-37.80425796],[145.09707196,-37.80381],[145.09239698,-37.80470502],[145.06252026,-37.8007927],[145.06497701,-37.78786201],[145.06447003,-37.78628799],[145.062945,-37.78452001],[145.06278701,-37.78315499],[145.0633062,-37.7814836],[145.06455652,-37.78166766],[145.06425233,-37.7828604],[145.06652905,-37.78373431],[145.06774754,-37.78311933],[145.06698403,-37.78190146],[145.06719722,-37.78086278],[145.06922387,-37.78128262],[145.07119007,-37.78072422],[145.07114527,-37.78000987],[145.07455432,-37.77963888],[145.07628774,-37.77744579],[145.07751527,-37.77693615],[145.07887867,-37.7770207],[145.08061795,-37.77776631],[145.08145378,-37.77918528],[145.08605492,-37.77969306],[145.09031547,-37.77959208],[145.09302433,-37.7793395],[145.09531523,-37.77943146],[145.09836776,-37.78081219],[145.09965442,-37.78261152],[145.10076292,-37.78566411],[145.10207995,-37.78702077],[145.10389532,-37.78819347],[145.10506119,-37.79031724],[145.105506,-37.79172271],[145.10855363,-37.7928361],[145.10824028,-37.79421669],[145.10493205,-37.7959012],[145.10425312,-37.79783062],[145.10424707,-37.80045057],[145.10483807,-37.80084712],[145.10406493,-37.80213816]]]},"properties":{"name":"Balwyn North","geo_name":"Balwyn North","region":"Outer North East","color":"#8ac926"}},{"type":"Feature","geometry":{"type":"Polygon","coordinates":[[[145.09965442,-37.78261152],[145.10252655,-37.78255637],[145.10422501,-37.77234398],[145.10467701,-37.77286798],[145.11415599,-37.77421099],[145.11625002,-37.77514299],[145.11747987,-37.77532929],[145.11777788,-37.77369362],[145.11979958,-37.77392958],[145.11936465,-37.77631555],[145.12116802,-37.77744204],[145.121053,-37.77808899],[145.123225,-37.77959598],[145.12491403,-37.77683073],[145.13146102,-37.76726697],[145.13237098,-37.76742097],[145.13315497,-37.76843398],[145.13585402,-37.76996602],[145.135327,-37.77125803],[145.13544707,-37.77328158],[145.13673904,-37.77402804],[145.13958201,-37.77680604],[145.14055496,-37.77720902],[145.14334202,-37.77729299],[145.14512504,-37.77857999],[145.14532796,-37.78042902],[145.14426186,-37.78761987],[145.14309978,-37.79343183],[145.14234898,-37.79456404],[145.14263457,-37.79737798],[145.1413335,-37.79692184],[145.13941917,-37.79802061],[145.13756338,-37.79803866],[145.1363435,-37.79633609],[145.13359713,-37.79626267],[145.13258098,-37.79532774],[145.12929464,-37.79608104],[145.12906658,-37.79681809],[145.12489915,-37.79879099],[145.12119959,-37.79795389],[145.1187661,-37.79640808],[145.11666835,-37.79567203],[145.11426375,-37.7960033],[145.11289557,-37.79511144],[145.10983362,-37.79476044],[145.10855363,-37.7928361],[145.105506,-37.79172271],[145.10506119,-37.79031724],[145.10389532,-37.78819347],[145.10207995,-37.78702077],[145.10076292,-37.78566411],[145.09965442,-37.78261152]]]},"properties":{"name":"Doncaster","geo_name":"Doncaster","region":"Outer North East","color":"#8ac926"}},{"type":"Feature","geometry":{"type":"Polygon","coordinates":[[[145.14753809,-37.9271826],[145.14344006,-37.92460615],[145.14270759,-37.9257871],[145.14170184,-37.931386],[145.10990887,-37.92742884],[145.10752089,-37.92712937],[145.10894304,-37.91997199],[145.10925399,-37.91900896],[145.11140202,-37.91927204],[145.11222501,-37.91802304],[145.11326602,-37.91275899],[145.12185998,-37.91381596],[145.124341,-37.90054198],[145.12447724,-37.89915186],[145.12922196,-37.89969102],[145.12822815,-37.905104],[145.14194903,-37.90668895],[145.14132203,-37.90985797],[145.15045303,-37.91094603],[145.15161602,-37.909884],[145.15060536,-37.91551447],[145.15018507,-37.91590496],[145.15031005,-37.91781594],[145.1490734,-37.91900684],[145.14753809,-37.9271826]]]},"properties":{"name":"Clayton","geo_name":"Clayton","region":"Outer East","color":"#6a4c93"}},{"type":"Feature","geometry":{"type":"Polygon","coordinates":[[[145.21915775,-37.94014828],[145.21068263,-37.93913909],[145.19496294,-37.9377932],[145.19249522,-37.93759976],[145.18343827,-37.93649674],[145.17428772,-37.93532086],[145.15672631,-37.93314598],[145.15591564,-37.93245508],[145.14753809,-37.9271826],[145.1490734,-37.91900684],[145.15031005,-37.91781594],[145.15018507,-37.91590496],[145.15060536,-37.91551447],[145.15161602,-37.909884],[145.15235584,-37.90598503],[145.15292319,-37.90496244],[145.15281601,-37.90261497],[145.16140395,-37.90353696],[145.160558,-37.908773],[145.16397797,-37.91118498],[145.16625704,-37.91310903],[145.17156504,-37.91837999],[145.17383402,-37.920437],[145.20563741,-37.92439909],[145.20483207,-37.92606637],[145.2068159,-37.92818913],[145.20641427,-37.93116154],[145.20783246,-37.93167004],[145.20776314,-37.93233689],[145.20958758,-37.9328561],[145.20960759,-37.93414356],[145.21135194,-37.93574665],[145.21393121,-37.93577179],[145.21565321,-37.93716691],[145.21832693,-37.9367727],[145.21999944,-37.93968025],[145.21915775,-37.94014828]]]},"properties":{"name":"Mulgrave","geo_name":"Mulgrave","region":"Outer South East","color":"#ff595e"}},{"type":"Feature","geometry":{"type":"Polygon","coordinates":[[[145.00017643,-38.41645552],[145.00125542,-38.41570099],[144.99762026,-38.41246397],[144.99766492,-38.40161393],[144.99949097,-38.40140804],[145.00111003,-38.40276201],[145.00488004,-38.40429296],[145.00581097,-38.403425],[145.00762001,-38.40283901],[145.00878964,-38.40189215],[145.00971299,-38.403109],[145.01239596,-38.40438899],[145.01514896,-38.40490702],[145.01616599,-38.40465703],[145.01794224,-38.4057931],[145.02422399,-38.40738397],[145.02779403,-38.40899298],[145.03425309,-38.39989213],[145.03470882,-38.40111872],[145.03738795,-38.40242075],[145.04085218,-38.40196284],[145.04302119,-38.40260227],[145.04416341,-38.40240436],[145.04805378,-38.4032699],[145.05024505,-38.40022402],[145.05235203,-38.40060204],[145.06208205,-38.403803],[145.06255397,-38.40424596],[145.06524005,-38.40676699],[145.05634196,-38.41307096],[145.06528917,-38.42451136],[145.06629045,-38.42594445],[145.06329257,-38.42709641],[145.06034436,-38.42791566],[145.05860664,-38.42917728],[145.05829799,-38.42993924],[145.05957131,-38.43086029],[145.05843402,-38.43352435],[145.05650116,-38.43238569],[145.05521831,-38.43254896],[145.05489342,-38.4316316],[145.05573228,-38.43036107],[145.05255322,-38.43004563],[145.05129446,-38.43038917],[145.05027852,-38.43134987],[145.05060242,-38.43225921],[145.05009834,-38.4339141],[145.04889747,-38.43510592],[145.04817993,-38.4347065],[145.04639377,-38.43575875],[145.04575971,-38.43738707],[145.0472895,-38.43782423],[145.04714669,-38.43996605],[145.04512168,-38.4401856],[145.04456237,-38.44134336],[145.04273356,-38.44264689],[145.04190228,-38.44238277],[145.04086685,-38.44328414],[145.03967314,-38.44532965],[145.04102528,-38.44569697],[145.04161557,-38.44644833],[145.03952274,-38.44824715],[145.03828486,-38.45000835],[145.03810216,-38.45201093],[145.03600306,-38.45413218],[145.03054098,-38.45327499],[145.0287477,-38.45175967],[145.02748961,-38.44880234],[145.02647043,-38.44765213],[145.02371472,-38.44700887],[145.02420663,-38.44514343],[145.02344749,-38.4440994],[145.02365977,-38.44326064],[145.0228432,-38.44195847],[145.02085794,-38.44134267],[145.02012673,-38.43912011],[145.01960462,-38.43889844],[145.01821061,-38.43617276],[145.01682879,-38.43421932],[145.01686574,-38.43110594],[145.01446791,-38.42939677],[145.01171296,-38.4281533],[145.00971411,-38.42554222],[145.00750599,-38.4238783],[145.0067168,-38.42274832],[145.00452128,-38.4219306],[145.00371229,-38.42116873],[145.00360558,-38.41996115],[145.00247654,-38.41790868],[145.00017643,-38.41645552]]]},"properties":{"name":"Shoreham","geo_name":"Shoreham","region":"Outer South East","color":"#ff595e"}},{"type":"Feature","geometry":{"type":"Polygon","coordinates":[[[144.74837796,-37.75944297],[144.74416602,-37.75768803],[144.72371,-37.75075297],[144.72413602,-37.74435695],[144.72577097,-37.73749802],[144.72745293,-37.73482219],[144.72737223,-37.73094941],[144.72913171,-37.72120094],[144.73175466,-37.72155197],[144.73247938,-37.71576329],[144.73315825,-37.71551779],[144.73249649,-37.71398912],[144.73257306,-37.70623539],[144.73260195,-37.70330427],[144.74194946,-37.70443483],[144.73849897,-37.722365],[144.75061565,-37.72395747],[144.74957539,-37.72994217],[144.74774767,-37.74170374],[144.74715409,-37.74160564],[144.74610473,-37.74681836],[144.74298301,-37.74652796],[144.74200549,-37.75141058],[144.74950025,-37.75203915],[144.74837796,-37.75944297]]]},"properties":{"name":"Caroline Springs","geo_name":"Caroline Springs","region":"Outer West","color":"#6a994e"}},{"type":"Feature","geometry":{"type":"Polygon","coordinates":[[[145.19239581,-38.40086871],[145.18946985,-38.40006639],[145.18687218,-38.39874024],[145.18411038,-38.3983486],[145.18082263,-38.39833474],[145.17700151,-38.39787403],[145.17475752,-38.39663809],[145.17254707,-38.39649836],[145.17017607,-38.39698287],[145.16965833,-38.39750483],[145.16803888,-38.39757678],[145.16766987,-38.39694481],[145.16469961,-38.39667837],[145.16264488,-38.3955958],[145.15918359,-38.39448571],[145.15121922,-38.39305851],[145.1478366,-38.393251],[145.14529502,-38.39273691],[145.14071967,-38.39281512],[145.13568531,-38.39130457],[145.13184439,-38.3909855],[145.13270959,-38.38660198],[145.13160472,-38.38206931],[145.13329858,-38.37910283],[145.13274338,-38.37856774],[145.13351001,-38.37467297],[145.14569396,-38.37618102],[145.14567501,-38.36108303],[145.14643203,-38.36053696],[145.15523797,-38.36007496],[145.16911995,-38.36061101],[145.17916795,-38.38241902],[145.18103599,-38.38637001],[145.18691602,-38.388144],[145.19391599,-38.392102],[145.196241,-38.39282803],[145.19239581,-38.40086871]]]},"properties":{"name":"Somers","geo_name":"Somers","region":"Outer South East","color":"#ff595e"}}]}